datasetid,recordid,record_timestamp,fields.gc_obo_gare_origine_r_code_uic_c,fields.gc_obo_type_c,fields.gc_obo_gare_origine_r_name,fields.gc_obo_nature_c,fields.gc_obo_nom_recordtype_sc_c,fields.date,fields.gc_obo_date_heure_restitution_c
objets-trouves-restitution,fa083e5ac37a0e8b5b51481e895d9a174adad7bc,2023-04-06T09:01:33.082Z,0087686667,"Bagagerie: sacs, valises, cartables",Paris Bercy,"Sac de voyage, sac de sport, sac à bandoulière",Objet trouvé,2020-12-30T20:53:10+00:00,
objets-trouves-restitution,535eb14083946bf984585d2554fe6b5dcd1235bc,2023-04-06T09:01:33.082Z,0087686667,Pièces d'identités et papiers personnels,Paris Bercy,"Carte d'identité, passeport, permis de conduire",Objet trouvé,2020-12-30T12:03:35+00:00,
objets-trouves-restitution,df941eed914acf07d08f76f50701e417d585922e,2023-04-06T09:01:33.082Z,0087686667,"Bagagerie: sacs, valises, cartables",Paris Bercy,"Valise, sac sur roulettes",Objet trouvé,2020-12-27T18:38:55+00:00,2021-01-08T15:35:25+00:00
objets-trouves-restitution,39d08c5632e3e92c4a53b36629fca891e8242113,2023-04-06T09:01:33.082Z,0087686667,Optique,Paris Bercy,Lunettes en étui,Objet trouvé,2020-12-27T18:21:41+00:00,
objets-trouves-restitution,51bdb652442b5c0d79761aaaea7c5f2c30bef324,2023-04-06T09:01:33.082Z,0087686667,"Bagagerie: sacs, valises, cartables",Paris Bercy,"Sac de voyage, sac de sport, sac à bandoulière",Objet trouvé,2020-12-25T12:47:52+00:00,
objets-trouves-restitution,8d860a44db475c2588925cf8f1142c3957396a4f,2023-04-06T09:01:33.082Z,0087686667,"Bagagerie: sacs, valises, cartables",Paris Bercy,"Sac de voyage, sac de sport, sac à bandoulière",Objet trouvé,2020-12-23T21:29:33+00:00,
objets-trouves-restitution,3a2a835e5547e5a3a9943e236963e93c6e60ff8b,2023-04-06T09:01:33.082Z,0087686667,"Bagagerie: sacs, valises, cartables",Paris Bercy,Sac à dos,Objet trouvé,2020-12-21T16:44:00+00:00,2020-12-31T11:05:59+00:00
objets-trouves-restitution,c6f34d0cb529876e3c0948b72020a63e90405760,2023-04-06T09:01:33.082Z,0087686667,"Clés, porte-clés, badge magnétique",Paris Bercy,"Clés, porte-clés",Objet trouvé,2020-12-21T16:33:04+00:00,
objets-trouves-restitution,19e0bc9e9664f282e36799f11e67515f7173fdce,2023-04-06T09:01:33.082Z,0087686667,"Bagagerie: sacs, valises, cartables",Paris Bercy,Sac à dos,Objet trouvé,2020-12-20T17:31:12+00:00,2020-12-27T18:13:38+00:00
objets-trouves-restitution,6b9a5bdf7949cc049ddfa6bf2fb766442252f9f3,2023-04-06T09:01:33.082Z,0087686667,"Appareils électroniques, informatiques, appareils photo",Paris Bercy,"Ordinateur, ordinateur portable, notebook",Objet trouvé,2020-12-20T14:46:07+00:00,2020-12-23T13:52:14+00:00
objets-trouves-restitution,8593b8548b77a78d432e20a34ee0ee016129f9b2,2023-04-06T09:01:33.082Z,0087686667,"Bagagerie: sacs, valises, cartables",Paris Bercy,Sac à dos,Objet trouvé,2020-12-20T14:26:34+00:00,
objets-trouves-restitution,5e60e6cbf9260392e23252ff44540c4c99c6a8e3,2023-04-06T09:01:33.082Z,0087686667,"Appareils électroniques, informatiques, appareils photo",Paris Bercy,"Ordinateur, ordinateur portable, notebook protégé (étui, housse,…)",Objet trouvé,2020-12-20T13:49:37+00:00,
objets-trouves-restitution,fcc78ab02d352a87078f06b8564a9734c1857971,2023-04-06T09:01:33.082Z,0087686667,"Appareils électroniques, informatiques, appareils photo",Paris Bercy,"Téléphone portable protégé (étui, coque,…)",Objet trouvé,2020-12-20T13:37:45+00:00,
objets-trouves-restitution,48c3083a96159a339dc3c52ab47acb66f3079d6c,2023-04-06T09:01:33.082Z,0087686667,"Clés, porte-clés, badge magnétique",Paris Bercy,"Clés, porte-clés",Objet trouvé,2020-12-20T13:15:08+00:00,
objets-trouves-restitution,f5f64b0dd170e08a156f5b6dc95641aa320f1f9b,2023-04-06T09:01:33.082Z,0087686667,"Appareils électroniques, informatiques, appareils photo",Paris Bercy,Livre numérique,Objet trouvé,2020-12-16T10:41:59+00:00,
objets-trouves-restitution,92f4f095a59d38f8f978d94aaf9c890cb891475c,2023-04-06T09:01:33.082Z,0087686667,"Vélos, trottinettes, accessoires 2 roues",Paris Bercy,Vélo,Objet trouvé,2020-12-16T07:24:19+00:00,
objets-trouves-restitution,96be34f8c6960b76d4d1b3f6ad105a76ee631da8,2023-04-06T09:01:33.082Z,0087686667,"Vélos, trottinettes, accessoires 2 roues",Paris Bercy,Vélo,Objet trouvé,2020-12-16T07:22:43+00:00,
objets-trouves-restitution,4a084aea126e707d4686dcc43036f629ea99937d,2023-04-06T09:01:33.082Z,0087686667,"Bagagerie: sacs, valises, cartables",Paris Bercy,"Valise, sac sur roulettes",Objet trouvé,2020-12-13T17:11:09+00:00,
objets-trouves-restitution,d1812faa44e92f0e9e1275770a9317fd64d76b7e,2023-04-06T09:01:33.082Z,0087686667,Divers,Paris Bercy,Autres divers,Objet trouvé,2020-12-13T16:56:36+00:00,
objets-trouves-restitution,bf655c68598936d683be4aa82c8cd7989a038c8c,2023-04-06T09:01:33.082Z,0087686667,"Porte-monnaie / portefeuille, argent, titres",Paris Bercy,"Porte-monnaie, portefeuille",Objet trouvé,2020-12-11T06:16:38+00:00,
objets-trouves-restitution,086674e02102e15a36de030b5690137cdc3f0cdb,2023-04-06T09:01:33.082Z,0087686667,"Bagagerie: sacs, valises, cartables",Paris Bercy,"Sac de voyage, sac de sport, sac à bandoulière",Objet trouvé,2020-12-07T16:21:16+00:00,
objets-trouves-restitution,ff8784d025b65ac1b785b770e708fc63704500c1,2023-04-06T09:01:33.082Z,0087686667,Pièces d'identités et papiers personnels,Paris Bercy,"Carte d'identité, passeport, permis de conduire",Objet trouvé,2020-12-04T11:08:59+00:00,
objets-trouves-restitution,d71746808339349106fe4d21ac5c78c580b71357,2023-04-06T09:01:33.082Z,0087686667,"Clés, porte-clés, badge magnétique",Paris Bercy,"Clés, porte-clés",Objet trouvé,2020-12-02T17:13:20+00:00,
objets-trouves-restitution,95dc4298f5f96a522412398f28782438a4e3716f,2023-04-06T09:01:33.082Z,0087686667,"Bagagerie: sacs, valises, cartables",Paris Bercy,"Sac de voyage, sac de sport, sac à bandoulière",Objet trouvé,2020-11-24T20:31:53+00:00,2021-01-03T12:30:08+00:00
objets-trouves-restitution,7eb2acb6d74e8f5c17264c667158defbee2a6169,2023-04-06T09:01:33.082Z,0087686667,"Appareils électroniques, informatiques, appareils photo",Paris Bercy,Téléphone portable,Objet trouvé,2020-11-24T13:03:50+00:00,2020-12-01T06:33:06+00:00
objets-trouves-restitution,3cb7eabb4ab99ccc294fc6bcccd49597101fd50e,2023-04-06T09:01:33.082Z,0087686667,Divers,Paris Bercy,Autres divers,Objet trouvé,2020-11-24T12:41:33+00:00,2020-11-24T13:01:55+00:00
objets-trouves-restitution,96ed49176427d31fc544a4d76ec786318cc366e8,2023-04-06T09:01:33.082Z,0087686667,"Bagagerie: sacs, valises, cartables",Paris Bercy,"Sac de voyage, sac de sport, sac à bandoulière",Objet trouvé,2020-11-24T12:33:53+00:00,
objets-trouves-restitution,3aa006ef9e2b74044a56980ddf187cbed0e5ccde,2023-04-06T09:01:33.082Z,0087686667,"Clés, porte-clés, badge magnétique",Paris Bercy,Clé de voiture,Objet trouvé,2020-11-24T12:25:06+00:00,2020-11-25T13:26:42+00:00
objets-trouves-restitution,776d01db41d02cb7136d1d4ec62f7ea29b3e3972,2023-04-06T09:01:33.082Z,0087686667,"Bagagerie: sacs, valises, cartables",Paris Bercy,"Sac de voyage, sac de sport, sac à bandoulière",Objet trouvé,2020-11-23T20:13:32+00:00,
objets-trouves-restitution,4609249cabdaa919d154940baffc03bb4235b017,2023-04-06T09:01:33.082Z,0087686667,"Bagagerie: sacs, valises, cartables",Paris Bercy,"Valise, sac sur roulettes",Objet trouvé,2020-11-18T15:24:11+00:00,2020-11-23T20:17:55+00:00
objets-trouves-restitution,56002d54f21c1b18f913bbb8f997395edc07ad62,2023-04-06T09:01:33.082Z,0087686667,"Appareils électroniques, informatiques, appareils photo",Paris Bercy,"Disque dur externe, clé USB",Objet trouvé,2020-11-17T18:08:36+00:00,
objets-trouves-restitution,1c41e3ab4a5602027a41ce62705a57025634e63e,2023-04-06T09:01:33.082Z,0087686667,"Clés, porte-clés, badge magnétique",Paris Bercy,"Clés, porte-clés",Objet trouvé,2020-11-17T18:03:48+00:00,
objets-trouves-restitution,f114ad9613cac32dab02f985a27f93404cb9126f,2023-04-06T09:01:33.082Z,0087686667,Divers,Paris Bercy,Autres divers,Objet trouvé,2020-11-16T16:35:40+00:00,
objets-trouves-restitution,9e55b8943041ee9059168a4246dc44afcc34dd72,2023-04-06T09:01:33.082Z,0087686667,"Porte-monnaie / portefeuille, argent, titres",Paris Bercy,"Porte-monnaie, portefeuille",Objet trouvé,2020-11-13T21:06:45+00:00,2020-11-20T11:09:51+00:00
objets-trouves-restitution,9d33447283305ca6809c181c2fb56ce7ce024bc0,2023-04-06T09:01:33.082Z,0087686667,"Bagagerie: sacs, valises, cartables",Paris Bercy,"Valise, sac sur roulettes",Objet trouvé,2020-11-13T20:50:36+00:00,2020-11-13T21:22:26+00:00
objets-trouves-restitution,43aa0d61d0dbaa563e69933f0b5fdc60ff534760,2023-04-06T09:01:33.082Z,0087686667,"Bagagerie: sacs, valises, cartables",Paris Bercy,"Sac d'enseigne (plastique, papier, …)",Objet trouvé,2020-11-11T19:16:49+00:00,2020-11-16T11:51:56+00:00
objets-trouves-restitution,2323a3552c96bfd6e145f1427b69e0c07830b899,2023-04-06T09:01:33.082Z,0087686667,"Bagagerie: sacs, valises, cartables",Paris Bercy,"Valise, sac sur roulettes",Objet trouvé,2020-11-08T20:58:37+00:00,
objets-trouves-restitution,88048f5ac812e778e5721136c79a587ac3fb989e,2023-04-06T09:01:33.082Z,0087686667,"Bagagerie: sacs, valises, cartables",Paris Bercy,"Sac de voyage, sac de sport, sac à bandoulière",Objet trouvé,2020-10-30T17:10:30+00:00,
objets-trouves-restitution,936849a4f1ec31dff1e9fe12039e4433dc1636e1,2023-04-06T09:01:33.082Z,0087686667,"Bagagerie: sacs, valises, cartables",Paris Bercy,Sac à dos,Objet trouvé,2020-10-30T13:01:21+00:00,
objets-trouves-restitution,99d2edd02dc88eb1cae22e1d8c88c69fef109ee0,2023-04-06T09:01:33.082Z,0087686667,"Bagagerie: sacs, valises, cartables",Paris Bercy,"Valise, sac sur roulettes",Objet trouvé,2020-10-29T20:02:27+00:00,
objets-trouves-restitution,578b2536b5e86606fa376fbd8e07785e75994bf9,2023-04-06T09:01:33.082Z,0087686667,"Bagagerie: sacs, valises, cartables",Paris Bercy,"Sac d'enseigne (plastique, papier, …)",Objet trouvé,2020-10-28T20:22:05+00:00,
objets-trouves-restitution,fd19334a13f00e2173cecfeb30f3fe3bcc899c95,2023-04-06T09:01:33.082Z,0087686667,"Bagagerie: sacs, valises, cartables",Paris Bercy,Sac à dos,Objet trouvé,2020-10-25T19:26:30+00:00,2020-11-13T16:21:40+00:00
objets-trouves-restitution,f0cbea2e6dc4c88da83312adfb029435947ff071,2023-04-06T09:01:33.082Z,0087686667,"Bagagerie: sacs, valises, cartables",Paris Bercy,"Valise, sac sur roulettes",Objet trouvé,2020-10-21T19:06:09+00:00,2020-11-23T12:42:41+00:00
objets-trouves-restitution,8af2e81cce8072d3c9f252934be259e42cb7ff1d,2023-04-06T09:01:33.082Z,0087686667,Pièces d'identités et papiers personnels,Paris Bercy,"Carte d'identité, passeport, permis de conduire",Objet trouvé,2020-10-21T11:37:02+00:00,
objets-trouves-restitution,d8e73909b00e19e30df7ebb5d0fbb6779468396a,2023-04-06T09:01:33.082Z,0087686667,"Appareils électroniques, informatiques, appareils photo",Paris Bercy,Tablette tactile,Objet trouvé,2020-10-19T19:07:11+00:00,2020-10-30T11:35:19+00:00
objets-trouves-restitution,5889659e1afc339f8007145165b887c0c1263c11,2023-04-06T09:01:33.082Z,0087686667,"Clés, porte-clés, badge magnétique",Paris Bercy,Clé de voiture,Objet trouvé,2020-10-19T19:01:10+00:00,
objets-trouves-restitution,5e39ef986aa48547782df9e0a4fb8641428ef2a9,2023-04-06T09:01:33.082Z,0087686667,Pièces d'identités et papiers personnels,Paris Bercy,Autre pièce ou papier personnel,Objet trouvé,2020-10-16T20:36:33+00:00,2020-10-25T16:07:16+00:00
objets-trouves-restitution,99caac748092bc8ae2d51cd81a03294d13234d8d,2023-04-06T09:01:33.082Z,0087686667,"Clés, porte-clés, badge magnétique",Paris Bercy,Clé de voiture,Objet trouvé,2020-10-16T20:04:21+00:00,2020-10-23T15:47:42+00:00
objets-trouves-restitution,4db0584fa4cba28929a11bf5b64935392749792f,2023-04-06T09:01:33.082Z,0087686667,"Bagagerie: sacs, valises, cartables",Paris Bercy,Sac à main,Objet trouvé,2020-10-16T10:31:06+00:00,
objets-trouves-restitution,30040883f16366d174a9485794149f6306bb100d,2023-04-06T09:01:33.082Z,0087686667,"Bagagerie: sacs, valises, cartables",Paris Bercy,"Sac de voyage, sac de sport, sac à bandoulière",Objet trouvé,2020-10-15T19:46:04+00:00,
objets-trouves-restitution,24ad3e5f2c2a9da8e32a2b9d7e6f4568ca023d85,2023-04-06T09:01:33.082Z,0087686667,Pièces d'identités et papiers personnels,Paris Bercy,"Carte d'identité, passeport, permis de conduire",Objet trouvé,2020-10-15T19:30:35+00:00,
objets-trouves-restitution,e9f5cc240ae4c19ba1349a4372915ab8dacd3b94,2023-04-06T09:01:33.082Z,0087686667,"Porte-monnaie / portefeuille, argent, titres",Paris Bercy,"Porte-monnaie, portefeuille",Objet trouvé,2020-10-14T20:41:50+00:00,2020-10-16T13:03:57+00:00
objets-trouves-restitution,2d0e4d4449b20cf50174ad1c6a7689c0173262ad,2023-04-06T09:01:33.082Z,0087686667,"Bagagerie: sacs, valises, cartables",Paris Bercy,"Valise, sac sur roulettes",Objet trouvé,2020-10-14T20:03:30+00:00,
objets-trouves-restitution,cfdd9a008e8f31ded039495a3e2c1086c545f4aa,2023-04-06T09:01:33.082Z,0087686667,"Porte-monnaie / portefeuille, argent, titres",Paris Bercy,Autre argent,Objet trouvé,2020-10-13T11:37:15+00:00,
objets-trouves-restitution,7e3511ab433de071546a4020d2ff3fcec6beccf1,2023-04-06T09:01:33.082Z,0087686667,"Bagagerie: sacs, valises, cartables",Paris Bercy,"Valise, sac sur roulettes",Objet trouvé,2020-10-12T16:28:56+00:00,
objets-trouves-restitution,2331c65987bfc1ef5f52cc2c561530ce4ab42503,2023-04-06T09:01:33.082Z,0087686667,"Bagagerie: sacs, valises, cartables",Paris Bercy,Sac à dos,Objet trouvé,2020-10-12T16:24:39+00:00,
objets-trouves-restitution,1fa06ed4d607445b3bb66ee72a7d3b35a97eb7fe,2023-04-06T09:01:33.082Z,0087686667,"Bagagerie: sacs, valises, cartables",Paris Bercy,"Valise, sac sur roulettes",Objet trouvé,2020-10-12T15:43:43+00:00,
objets-trouves-restitution,e4b7b1bc6f9412ea4f649e95270f08f8dcdde837,2023-04-06T09:01:33.082Z,0087686667,"Clés, porte-clés, badge magnétique",Paris Bercy,"Clés, porte-clés",Objet trouvé,2020-10-12T15:25:15+00:00,
objets-trouves-restitution,f25e6ed59b166acc5cc8602d9ed3259ca7896f21,2023-04-06T09:01:33.082Z,0087686667,"Livres, articles de papéterie",Paris Bercy,Livre de poche,Objet trouvé,2020-10-12T15:21:09+00:00,
objets-trouves-restitution,7c944a918e48bf3c886189764dc1973ce6e8496e,2023-04-06T09:01:33.082Z,0087686667,"Appareils électroniques, informatiques, appareils photo",Paris Bercy,"Téléphone portable protégé (étui, coque,…)",Objet trouvé,2020-10-12T15:14:37+00:00,
objets-trouves-restitution,391d8b0fd7a379b0edbe0b3c74846ab33d309e7b,2023-04-06T09:01:33.082Z,0087686667,Divers,Paris Bercy,Autres divers,Objet trouvé,2020-09-29T18:47:12+00:00,
objets-trouves-restitution,60b8a57df2b61b240d1aff3d84adad5178a7d74a,2023-04-06T09:01:33.082Z,0087686667,"Vêtements, chaussures",Paris Bercy,"Manteau, veste, blazer, parka, blouson, cape",Objet trouvé,2020-09-26T18:43:39+00:00,
objets-trouves-restitution,cb30865c28f4ed2d6db1d2fb6cb3cf34e51d5583,2023-04-06T09:01:33.082Z,0087686667,"Appareils électroniques, informatiques, appareils photo",Paris Bercy,"Téléphone portable protégé (étui, coque,…)",Objet trouvé,2020-09-26T16:38:16+00:00,
objets-trouves-restitution,65bb37f84ef4a17183f886f4a20e3cb0bbc8e58d,2023-04-06T09:01:33.082Z,0087686667,"Bagagerie: sacs, valises, cartables",Paris Bercy,Sac à dos,Objet trouvé,2020-09-24T20:11:23+00:00,
objets-trouves-restitution,2b4dae0a68ce8e81931aec18cd6baab8702152f7,2023-04-06T09:01:33.082Z,0087686667,"Clés, porte-clés, badge magnétique",Paris Bercy,"Clés, porte-clés",Objet trouvé,2020-09-24T19:49:06+00:00,
objets-trouves-restitution,9398f542e0e45c7b664d5c59a8c92a0ee9d2f6b3,2023-04-06T09:01:33.082Z,0087686667,"Porte-monnaie / portefeuille, argent, titres",Paris Bercy,"Porte-monnaie, portefeuille",Objet trouvé,2020-09-23T11:08:03+00:00,
objets-trouves-restitution,f1c1606b88645fda6a9e7eb8e7449eb55340312a,2023-04-06T09:01:33.082Z,0087686667,Optique,Paris Bercy,Lunettes en étui,Objet trouvé,2020-09-18T16:53:10+00:00,2020-09-18T18:37:30+00:00
objets-trouves-restitution,8c35902af68a08580321b222d7b96fa5c66ee729,2023-04-06T09:01:33.082Z,0087686667,"Appareils électroniques, informatiques, appareils photo",Paris Bercy,Téléphone portable,Objet trouvé,2020-09-15T10:26:49+00:00,
objets-trouves-restitution,2ea7fbda3a78da10eb9bec019c1320477b2b57fd,2023-04-06T09:01:33.082Z,0087686667,"Vêtements, chaussures",Paris Bercy,"Manteau, veste, blazer, parka, blouson, cape",Objet trouvé,2020-09-14T20:22:24+00:00,
objets-trouves-restitution,5536a8237cbce6f6a064ec5cf4ce0cd070c8abbb,2023-04-06T09:01:33.082Z,0087686667,Pièces d'identités et papiers personnels,Paris Bercy,"Carte d'identité, passeport, permis de conduire",Objet trouvé,2020-09-14T14:45:32+00:00,
objets-trouves-restitution,d980fe31058362a0e8ec1d3653c10efe6fd53c0b,2023-04-06T09:01:33.082Z,0087686667,Divers,Paris Bercy,Autres divers,Objet trouvé,2020-09-13T20:26:41+00:00,
objets-trouves-restitution,aab8df6dd5528da0a8099077aaad4ae632598ab6,2023-04-06T09:01:33.082Z,0087686667,"Vêtements, chaussures",Paris Bercy,"Manteau, veste, blazer, parka, blouson, cape",Objet trouvé,2020-09-13T16:14:42+00:00,2020-09-15T10:33:42+00:00
objets-trouves-restitution,c176f137fe02d778b426385240a3a452005fbee0,2023-04-06T09:01:33.082Z,0087686667,"Porte-monnaie / portefeuille, argent, titres",Paris Bercy,Autre argent,Objet trouvé,2020-09-13T15:59:54+00:00,
objets-trouves-restitution,2ff848b8bf329b050ccb55a6de5358af80864b79,2023-04-06T09:01:33.082Z,0087686667,"Vêtements, chaussures",Paris Bercy,"Foulard, écharpe",Objet trouvé,2020-09-13T15:49:24+00:00,
objets-trouves-restitution,cf2964339dda26f6c5fd99eb423fd08a2ab3b318,2023-04-06T09:01:33.082Z,0087686667,"Vêtements, chaussures",Paris Bercy,"Manteau, veste, blazer, parka, blouson, cape",Objet trouvé,2020-09-11T12:21:52+00:00,
objets-trouves-restitution,9461afbf790971196f5a745bfa32257453103b64,2023-04-06T09:01:33.082Z,0087686667,"Bagagerie: sacs, valises, cartables",Paris Bercy,Sac à dos,Objet trouvé,2020-09-10T20:11:00+00:00,2020-09-25T09:27:54+00:00
objets-trouves-restitution,5ba1a665ae52d240557dcb8f37ef7e672b1a9d9d,2023-04-06T09:01:33.082Z,0087686667,"Bagagerie: sacs, valises, cartables",Paris Bercy,"Valise, sac sur roulettes",Objet trouvé,2020-09-10T05:34:29+00:00,2020-12-24T10:20:03+00:00
objets-trouves-restitution,9062ff05f89035bc31efdb464b0849e44417d323,2023-04-06T09:01:33.082Z,0087686667,"Vêtements, chaussures",Paris Bercy,"Manteau, veste, blazer, parka, blouson, cape",Objet trouvé,2020-09-09T18:54:31+00:00,
objets-trouves-restitution,946df284111f637cc1ad5ea675d145d3cbf12660,2023-04-06T09:01:33.082Z,0087686667,"Appareils électroniques, informatiques, appareils photo",Paris Bercy,"Rétroprojecteur, videoprojecteur",Objet trouvé,2020-09-09T18:47:50+00:00,2020-09-22T12:33:24+00:00
objets-trouves-restitution,8490933c02da2ab0de359b5304f288f40aef712d,2023-04-06T09:01:33.082Z,0087686667,"Bagagerie: sacs, valises, cartables",Paris Bercy,"Valise, sac sur roulettes",Objet trouvé,2020-09-07T19:35:39+00:00,
objets-trouves-restitution,d8261689a69467f9558328fcafeb9c20786d1c62,2023-04-06T09:01:33.082Z,0087686667,"Vêtements, chaussures",Paris Bercy,"Manteau, veste, blazer, parka, blouson, cape",Objet trouvé,2020-09-04T19:34:08+00:00,2020-09-11T10:09:21+00:00
objets-trouves-restitution,125fc8e6ae71858bc7355a40f7d12fa764299c61,2023-04-06T09:01:33.082Z,0087686667,"Appareils électroniques, informatiques, appareils photo",Paris Bercy,"Téléphone portable protégé (étui, coque,…)",Objet trouvé,2020-09-01T17:31:41+00:00,
objets-trouves-restitution,1e783135e35eab2138d4f6cbeeaae904f4913a1a,2023-04-06T09:01:33.082Z,0087686667,"Bagagerie: sacs, valises, cartables",Paris Bercy,"Sac de voyage, sac de sport, sac à bandoulière",Objet trouvé,2020-09-01T10:58:24+00:00,
objets-trouves-restitution,860249f9cb5a06290bc6e0930523127c2b5823c6,2023-04-06T09:01:33.082Z,0087686667,"Vélos, trottinettes, accessoires 2 roues",Paris Bercy,Vélo,Objet trouvé,2020-08-31T19:46:12+00:00,
objets-trouves-restitution,c58a2f2f0c37c2a3c9cd1212735f673fc2bb4b5a,2023-04-06T09:01:33.082Z,0087686667,"Porte-monnaie / portefeuille, argent, titres",Paris Bercy,"Porte-monnaie, portefeuille",Objet trouvé,2020-08-31T19:29:21+00:00,
objets-trouves-restitution,ebde61846d7f2e1d79109566d1e2c84b0333f774,2023-04-06T09:01:33.082Z,0087686667,"Vêtements, chaussures",Paris Bercy,"Manteau, veste, blazer, parka, blouson, cape",Objet trouvé,2020-08-31T19:14:07+00:00,2020-09-06T16:32:09+00:00
objets-trouves-restitution,069433129348c69a52239ba1d642167d17fe3bf7,2023-04-06T09:01:33.082Z,0087686667,"Bagagerie: sacs, valises, cartables",Paris Bercy,"Sac de voyage, sac de sport, sac à bandoulière",Objet trouvé,2020-08-30T20:05:02+00:00,2020-09-18T13:38:17+00:00
objets-trouves-restitution,18c9c9930fedfe75a147b96d28220ff1e0c29b43,2023-04-06T09:01:33.082Z,0087686667,"Bagagerie: sacs, valises, cartables",Paris Bercy,Sac à main,Objet trouvé,2020-08-29T19:54:05+00:00,
objets-trouves-restitution,3f33feab8c9c0c78a230131f99a11cef7c5febea,2023-04-06T09:01:33.082Z,0087686667,Optique,Paris Bercy,Lunettes en étui,Objet trouvé,2020-08-29T19:23:02+00:00,
objets-trouves-restitution,9d1c52e56ebdb47f38f8df4dd006d46e3bcc6b12,2023-04-06T09:01:33.082Z,0087686667,"Porte-monnaie / portefeuille, argent, titres",Paris Bercy,"Porte-monnaie, portefeuille",Objet trouvé,2020-08-29T19:03:14+00:00,2020-08-29T19:34:23+00:00
objets-trouves-restitution,d436cc2357dddec3fea8b9877aa8b2a75d1ee9c9,2023-04-06T09:01:33.082Z,0087686667,"Porte-monnaie / portefeuille, argent, titres",Paris Bercy,"Porte-monnaie, portefeuille",Objet trouvé,2020-08-27T14:00:55+00:00,2020-08-30T12:51:35+00:00
objets-trouves-restitution,89a5c5d2c9802a925d8ad680167d54c9ae588129,2023-04-06T09:01:33.082Z,0087686667,"Bagagerie: sacs, valises, cartables",Paris Bercy,Sac à dos,Objet trouvé,2020-08-26T19:03:28+00:00,
objets-trouves-restitution,82379b258aa7ebd870d21a6987ab976859fde446,2023-04-06T09:01:33.082Z,0087686667,"Appareils électroniques, informatiques, appareils photo",Paris Bercy,"Appareil audio portable (lecteur de CD, baladeur MP3, iPod, ... )",Objet trouvé,2020-08-26T09:00:52+00:00,
objets-trouves-restitution,a86e0832ee15b8d2c84989b9bfc2b5621a9a2bc4,2023-04-06T09:01:33.082Z,0087686667,"Bagagerie: sacs, valises, cartables",Paris Bercy,Sac à dos,Objet trouvé,2020-08-25T05:27:08+00:00,
objets-trouves-restitution,eb7064db006047703eb78cbf1c9204c62e33df2b,2023-04-06T09:01:33.082Z,0087686667,"Clés, porte-clés, badge magnétique",Paris Bercy,"Clés, porte-clés",Objet trouvé,2020-08-24T19:12:12+00:00,
objets-trouves-restitution,5cd1b85378d9bd9577bbd8a7c5af2a9ecfa54327,2023-04-06T09:01:33.082Z,0087686667,"Appareils électroniques, informatiques, appareils photo",Paris Bercy,"Tablette tactile protégée (étui, housse)",Objet trouvé,2020-08-22T19:04:01+00:00,2020-08-31T10:44:09+00:00
objets-trouves-restitution,1988640ef72f77689b45454b028fdafff1350b7e,2023-04-06T09:01:33.082Z,0087686667,"Porte-monnaie / portefeuille, argent, titres",Paris Bercy,"Porte-monnaie, portefeuille",Objet trouvé,2020-08-21T05:02:32+00:00,
objets-trouves-restitution,e81f5468faa8222ef740ff7710a146a801aad019,2023-04-06T09:01:33.082Z,0087686667,Optique,Paris Bercy,Lunettes en étui,Objet trouvé,2020-08-17T14:15:09+00:00,
objets-trouves-restitution,42aad0389bc22828e3800354d62b20f6fcea380a,2023-04-06T09:01:33.082Z,0087686667,"Bagagerie: sacs, valises, cartables",Paris Bercy,Sac à main,Objet trouvé,2020-08-14T10:50:50+00:00,2020-09-08T08:34:03+00:00
objets-trouves-restitution,2bab465c171dca93eb5383967cb92cb27333c862,2023-04-06T09:01:33.082Z,0087686667,Pièces d'identités et papiers personnels,Paris Bercy,"Carte d'identité, passeport, permis de conduire",Objet trouvé,2020-08-14T10:01:38+00:00,
objets-trouves-restitution,9d94e6a0019c012d1ac2806d632c58f1f75cd6a0,2023-04-06T09:01:33.082Z,0087686667,"Porte-monnaie / portefeuille, argent, titres",Paris Bercy,"Porte-monnaie, portefeuille",Objet trouvé,2020-08-13T13:19:13+00:00,
objets-trouves-restitution,6fd185900ba9ee12f85c1fe41847ef08503c7d50,2023-04-06T09:01:33.082Z,0087686667,Pièces d'identités et papiers personnels,Paris Bercy,"Carte d'identité, passeport, permis de conduire",Objet trouvé,2020-08-13T11:08:00+00:00,
objets-trouves-restitution,677b62508e2af7530c5d48e2fcfdd7080358674b,2023-04-06T09:01:33.082Z,0087686667,"Bagagerie: sacs, valises, cartables",Paris Bercy,Sac à dos,Objet trouvé,2020-08-11T10:39:30+00:00,
objets-trouves-restitution,ccbe1d064423817f0c1989776478b255416d2f80,2023-04-06T09:01:33.082Z,0087686667,Pièces d'identités et papiers personnels,Paris Bercy,"Carte d'identité, passeport, permis de conduire",Objet trouvé,2020-08-11T07:46:02+00:00,
objets-trouves-restitution,022901712970512cc066c597a0394000c8c7d987,2023-04-06T09:01:33.082Z,0087686667,"Vêtements, chaussures",Paris Bercy,"Manteau, veste, blazer, parka, blouson, cape",Objet trouvé,2020-08-11T07:41:23+00:00,
objets-trouves-restitution,a979ba72b5007c2a2f5bef8c18b3f35a5e103d02,2023-04-06T09:01:33.082Z,0087686667,"Appareils électroniques, informatiques, appareils photo",Paris Bercy,"Téléphone portable protégé (étui, coque,…)",Objet trouvé,2020-08-09T10:34:12+00:00,2020-08-09T10:36:07+00:00
objets-trouves-restitution,5617d8efbc754b00998a81da75632846a08cdf71,2023-04-06T09:01:33.082Z,0087686667,"Porte-monnaie / portefeuille, argent, titres",Paris Bercy,"Porte-monnaie, portefeuille",Objet trouvé,2020-08-06T11:58:17+00:00,2020-08-08T11:37:24+00:00
objets-trouves-restitution,b150e33c5635ca0398d6f430599d6941912527f9,2023-04-06T09:01:33.082Z,0087686667,Optique,Paris Bercy,Autre optique,Objet trouvé,2020-08-05T17:19:53+00:00,
objets-trouves-restitution,1e0c3d14a79de99c189ac5f8141a220afe2f70dc,2023-04-06T09:01:33.082Z,0087686667,"Livres, articles de papéterie",Paris Bercy,"Article de papéterie, stylo, classeur",Objet trouvé,2020-08-04T10:41:45+00:00,
objets-trouves-restitution,3e71d4a8ff0bdf06a60781060bbe9c2a4fe03ff1,2023-04-06T09:01:33.082Z,0087686667,"Porte-monnaie / portefeuille, argent, titres",Paris Bercy,"Porte-monnaie, portefeuille",Objet trouvé,2020-08-04T08:06:03+00:00,
objets-trouves-restitution,37398c6325766bc23c47eb1c120592968bd93198,2023-04-06T09:01:33.082Z,0087686667,"Bagagerie: sacs, valises, cartables",Paris Bercy,"Valise, sac sur roulettes",Objet trouvé,2020-08-03T17:14:53+00:00,2020-08-04T15:31:25+00:00
objets-trouves-restitution,b6022882e4b197d7304ccd0e210d51604abf8b2b,2023-04-06T09:01:33.082Z,0087686667,"Vêtements, chaussures",Paris Bercy,"Manteau, veste, blazer, parka, blouson, cape",Objet trouvé,2020-08-03T17:09:08+00:00,
objets-trouves-restitution,633f7a0868478e8f8d3bf36b0da0e07e793bce73,2023-04-06T09:01:33.082Z,0087686667,"Bagagerie: sacs, valises, cartables",Paris Bercy,"Valise, sac sur roulettes",Objet trouvé,2020-07-31T06:24:51+00:00,
objets-trouves-restitution,c5f3ae06442631b055594951065e105f8886d55a,2023-04-06T09:01:33.082Z,0087686667,"Vêtements, chaussures",Paris Bercy,"Manteau, veste, blazer, parka, blouson, cape",Objet trouvé,2020-07-28T20:04:46+00:00,
objets-trouves-restitution,df64c00866c681195c088724f3742ca289bbd78e,2023-04-06T09:01:33.082Z,0087686667,"Vêtements, chaussures",Paris Bercy,"Manteau, veste, blazer, parka, blouson, cape",Objet trouvé,2020-07-27T19:46:19+00:00,
objets-trouves-restitution,703790eaa6c59e697f97f641ce7e8d75a7a78952,2023-04-06T09:01:33.082Z,0087686667,"Porte-monnaie / portefeuille, argent, titres",Paris Bercy,"Porte-monnaie, portefeuille",Objet trouvé,2020-07-26T18:43:34+00:00,
objets-trouves-restitution,06a3cf53766ac50baade49e9b1f2d7eaed9b025e,2023-04-06T09:01:33.082Z,0087686667,Optique,Paris Bercy,Lunettes en étui,Objet trouvé,2020-07-26T13:25:36+00:00,
objets-trouves-restitution,aba331516cb1706fa5dfe7fbfe24e3cb47eaa3a2,2023-04-06T09:01:33.082Z,0087686667,"Clés, porte-clés, badge magnétique",Paris Bercy,"Clés, porte-clés",Objet trouvé,2020-07-25T08:50:41+00:00,2020-07-25T09:19:25+00:00
objets-trouves-restitution,7c83925fc945099150ada79566e2cbaf1d7b00af,2023-04-06T09:01:33.082Z,0087686667,"Porte-monnaie / portefeuille, argent, titres",Paris Bercy,Carte de crédit,Objet trouvé,2020-07-21T09:44:19+00:00,
objets-trouves-restitution,f960b4febe1b0c0c3946aae23d6c0057eb9b9e44,2023-04-06T09:01:33.082Z,0087686667,"Vêtements, chaussures",Paris Bercy,"Manteau, veste, blazer, parka, blouson, cape",Objet trouvé,2020-07-18T20:20:09+00:00,
objets-trouves-restitution,14cb074655b9fa981b897bf565ce1c1025d11678,2023-04-06T09:01:33.082Z,0087686667,"Appareils électroniques, informatiques, appareils photo",Paris Bercy,Téléphone portable,Objet trouvé,2020-07-17T09:28:16+00:00,
objets-trouves-restitution,8fc0ec81866b821f1dcab70c9df951abc9d790a8,2023-04-06T09:01:33.082Z,0087686667,"Bagagerie: sacs, valises, cartables",Paris Bercy,"Valise, sac sur roulettes",Objet trouvé,2020-07-17T08:52:11+00:00,
objets-trouves-restitution,0cbdb3aa8b54fe0fa61f5111a2622edb1fe4f4cc,2023-04-06T09:01:33.082Z,0087686667,"Bagagerie: sacs, valises, cartables",Paris Bercy,"Sacoche ventrale, banane",Objet trouvé,2020-07-15T10:16:02+00:00,2020-07-21T16:42:31+00:00
objets-trouves-restitution,b9b2e3c86981b49d7bb49f6b45187540a7146d15,2023-04-06T09:01:33.082Z,0087686667,Divers,Paris Bercy,"Produits cosmétiques (parfum, etc.)",Objet trouvé,2020-07-14T16:11:42+00:00,2020-07-17T14:08:49+00:00
objets-trouves-restitution,8bec508b9bb274ce19c5564af8a04fc4be2a31cb,2023-04-06T09:01:33.082Z,0087686667,"Appareils électroniques, informatiques, appareils photo",Paris Bercy,"Téléphone portable protégé (étui, coque,…)",Objet trouvé,2020-07-14T06:01:45+00:00,
objets-trouves-restitution,3d3609de8d18e1b2c5f2b3383d95335d7a34ef6a,2023-04-06T09:01:33.082Z,0087686667,Parapluies,Paris Bercy,"Parapluie-canne, parapluie à bandoulière",Objet trouvé,2020-07-13T15:29:14+00:00,
objets-trouves-restitution,fd558d5e0e4de2c1df47c95d3edabfa498febeae,2023-04-06T09:01:33.082Z,0087686667,Pièces d'identités et papiers personnels,Paris Bercy,Autre pièce ou papier personnel,Objet trouvé,2020-07-13T07:02:15+00:00,2020-07-13T07:06:17+00:00
objets-trouves-restitution,fe85ee1f66a4792d25d491ee31120e4f8273d890,2023-04-06T09:01:33.082Z,0087686667,"Bagagerie: sacs, valises, cartables",Paris Bercy,"Sac d'enseigne (plastique, papier, …)",Objet trouvé,2020-07-10T20:23:47+00:00,
objets-trouves-restitution,0f7e43e1757f5b16581d27e764b56eb8e41e0ce7,2023-04-06T09:01:33.082Z,0087686667,Pièces d'identités et papiers personnels,Paris Bercy,Carte Vitale,Objet trouvé,2020-07-10T18:12:38+00:00,
objets-trouves-restitution,4ea69f7a13187c21a0800cbd0ad7c35e46cb8fce,2023-04-06T09:01:33.082Z,0087686667,"Appareils électroniques, informatiques, appareils photo",Paris Bercy,"Téléphone portable protégé (étui, coque,…)",Objet trouvé,2020-07-08T13:39:24+00:00,2020-07-08T17:20:31+00:00
objets-trouves-restitution,55fe0f45c45641543365d0ddf2c8eac1091dc5cf,2023-04-06T09:01:33.082Z,0087686667,"Bagagerie: sacs, valises, cartables",Paris Bercy,"Sac de voyage, sac de sport, sac à bandoulière",Objet trouvé,2020-07-08T07:18:53+00:00,2020-07-08T07:20:13+00:00
objets-trouves-restitution,a8209f219509bfc2a3335aab7a563718f95535d6,2023-04-06T09:01:33.082Z,0087686667,"Bagagerie: sacs, valises, cartables",Paris Bercy,"Valise, sac sur roulettes",Objet trouvé,2020-07-07T10:21:04+00:00,2020-07-13T06:54:43+00:00
objets-trouves-restitution,dac6fdc9f6ed5881d98f30d7142330c750cb432a,2023-04-06T09:01:33.082Z,0087686667,"Bagagerie: sacs, valises, cartables",Paris Bercy,"Valise, sac sur roulettes",Objet trouvé,2020-07-05T15:32:15+00:00,
objets-trouves-restitution,2e1fc9346f0a1725f862d0ddffb8d5a9ae511160,2023-04-06T09:01:33.082Z,0087686667,"Bagagerie: sacs, valises, cartables",Paris Bercy,"Valise, sac sur roulettes",Objet trouvé,2020-07-05T15:13:14+00:00,2020-08-01T08:12:43+00:00
objets-trouves-restitution,90926a59c4929ac4c26fa65b0756800aaaa0d16a,2023-04-06T09:01:33.082Z,0087686667,"Bagagerie: sacs, valises, cartables",Paris Bercy,"Sac de voyage, sac de sport, sac à bandoulière",Objet trouvé,2020-07-05T15:08:16+00:00,
objets-trouves-restitution,41c2e27c0c4a048e362b91968abc46baf37c5d89,2023-04-06T09:01:33.082Z,0087686667,"Articles d'enfants, de puériculture",Paris Bercy,Jeu de société,Objet trouvé,2020-07-05T15:04:27+00:00,
objets-trouves-restitution,db06fec017e89e60d207c6c393102ce6c1d1b816,2023-04-06T09:01:33.082Z,0087686667,Divers,Paris Bercy,Autres divers,Objet trouvé,2020-07-05T15:01:37+00:00,
objets-trouves-restitution,b67d44d6d0830d619eba39df9f647c5789ef0924,2023-04-06T09:01:33.082Z,0087686667,"Vêtements, chaussures",Paris Bercy,Chaussures (autre que chaussures de ski et patins),Objet trouvé,2020-07-05T14:59:44+00:00,
objets-trouves-restitution,fa04870cd1c758aa3a8713cd57cd8626370aee4d,2023-04-06T09:01:33.082Z,0087686667,"Bagagerie: sacs, valises, cartables",Paris Bercy,"Valise, sac sur roulettes",Objet trouvé,2020-07-05T14:47:47+00:00,2020-07-06T17:06:52+00:00
objets-trouves-restitution,21c1fb0a0b1f10700eb147c2f8b904fdcfcfab96,2023-04-06T09:01:33.082Z,0087686667,"Bagagerie: sacs, valises, cartables",Paris Bercy,"Valise, sac sur roulettes",Objet trouvé,2020-07-05T14:42:29+00:00,2020-07-07T15:08:45+00:00
objets-trouves-restitution,c391c17cfdb2ac3e392bca52b9e75929df604027,2023-04-06T09:01:33.082Z,0087686667,"Bagagerie: sacs, valises, cartables",Paris Bercy,Sac à dos,Objet trouvé,2020-07-05T11:26:29+00:00,2020-07-05T11:28:05+00:00
objets-trouves-restitution,0cc01fc09edcd250bf612db7782906fa5f1ebad1,2023-04-06T09:01:33.082Z,0087686667,"Bagagerie: sacs, valises, cartables",Paris Bercy,Sac à dos,Objet trouvé,2020-07-04T17:32:20+00:00,
objets-trouves-restitution,f4001835412e5e20009a10f82774a078eac9b1e1,2023-04-06T09:01:33.082Z,0087686667,"Bagagerie: sacs, valises, cartables",Paris Bercy,"Valise, sac sur roulettes",Objet trouvé,2020-07-03T12:40:35+00:00,
objets-trouves-restitution,0a7977a27027b39396f02d332562b0cb27731ab0,2023-04-06T09:01:33.082Z,0087686667,"Bagagerie: sacs, valises, cartables",Paris Bercy,"Sac de voyage, sac de sport, sac à bandoulière",Objet trouvé,2020-07-03T12:25:56+00:00,
objets-trouves-restitution,ad0c4add54abe50565d90db8b0ee6c7a80cac2e8,2023-04-06T09:01:33.082Z,0087686667,"Porte-monnaie / portefeuille, argent, titres",Paris Bercy,"Porte-monnaie, portefeuille",Objet trouvé,2020-07-03T08:54:36+00:00,2020-07-03T16:35:36+00:00
objets-trouves-restitution,b16160963bbbb650b0791da5b0c73b51f6826c40,2023-04-06T09:01:33.082Z,0087686667,"Vêtements, chaussures",Paris Bercy,"Manteau, veste, blazer, parka, blouson, cape",Objet trouvé,2020-07-02T19:11:06+00:00,
objets-trouves-restitution,7ea610fb5968745361b2e9c5993287fbc301fc90,2023-04-06T09:01:33.082Z,0087686667,Optique,Paris Bercy,Lunettes,Objet trouvé,2020-07-02T18:54:30+00:00,
objets-trouves-restitution,e9bcac2e3bf2214cd9c2440cd55a45e836bba902,2023-04-06T09:01:33.082Z,0087686667,"Vélos, trottinettes, accessoires 2 roues",Paris Bercy,"Casque (vélo, moto)",Objet trouvé,2020-07-02T18:47:17+00:00,
objets-trouves-restitution,73ad5d73b823882109a81ce747018e44f3f9133c,2023-04-06T09:01:33.082Z,0087686667,"Clés, porte-clés, badge magnétique",Paris Bercy,"Clés, porte-clés",Objet trouvé,2020-07-01T18:18:08+00:00,2020-07-15T10:07:09+00:00
objets-trouves-restitution,6bf88304146129fc9156ac690123e6757b467c9b,2023-04-06T09:01:33.082Z,0087686667,"Bagagerie: sacs, valises, cartables",Paris Bercy,Sac à dos,Objet trouvé,2020-06-29T16:49:59+00:00,2020-07-10T13:42:57+00:00
objets-trouves-restitution,db0683b923ed90ef0c6ec7ad6105d5fc577ed563,2023-04-06T09:01:33.082Z,0087686667,"Vêtements, chaussures",Paris Bercy,Autres vêtements,Objet trouvé,2020-06-29T16:17:43+00:00,
objets-trouves-restitution,3f23e0897d968ecc2d20f2e8425a2c718de5acb1,2023-04-06T09:01:33.082Z,0087686667,"Bagagerie: sacs, valises, cartables",Paris Bercy,"Nécessaire, mallette de toilette, sac de maquillage",Objet trouvé,2020-06-28T20:33:01+00:00,
objets-trouves-restitution,ebd5e0e4f7d134010adbfdeaac7f8350c8ea96b8,2023-04-06T09:01:33.082Z,0087686667,"Bagagerie: sacs, valises, cartables",Paris Bercy,"Sac d'enseigne (plastique, papier, …)",Objet trouvé,2020-06-28T06:38:32+00:00,
objets-trouves-restitution,e83a7965450d1bbb9a088399edea0569dd6a82de,2023-04-06T09:01:33.082Z,0087686667,"Bagagerie: sacs, valises, cartables",Paris Bercy,"Sac d'enseigne (plastique, papier, …)",Objet trouvé,2020-06-27T19:38:21+00:00,
objets-trouves-restitution,8a771d83f6f88c69c323b534a3f3e02aabfa31a4,2023-04-06T09:01:33.082Z,0087686667,"Porte-monnaie / portefeuille, argent, titres",Paris Bercy,"Porte-monnaie, portefeuille",Objet trouvé,2020-06-26T20:37:45+00:00,2020-06-29T15:31:57+00:00
objets-trouves-restitution,851a725f49443d2bf9238e901e99567a9a856a66,2023-04-06T09:01:33.082Z,0087686667,"Appareils électroniques, informatiques, appareils photo",Paris Bercy,Téléphone portable,Objet trouvé,2020-06-26T19:41:59+00:00,2020-06-28T14:50:19+00:00
objets-trouves-restitution,425fe21283a429809c100c3070da16a931c70f31,2023-04-06T09:01:33.082Z,0087686667,"Clés, porte-clés, badge magnétique",Paris Bercy,"Clés, porte-clés",Objet trouvé,2020-06-26T19:11:07+00:00,
objets-trouves-restitution,9e8442a2b0d0d48a44f371bb49876f15e4175603,2023-04-06T09:01:33.082Z,0087686667,"Porte-monnaie / portefeuille, argent, titres",Paris Bercy,Carte de crédit,Objet trouvé,2020-06-25T08:30:26+00:00,
objets-trouves-restitution,87265d53a60aafb9ada7e697f13a4aa9582be38a,2023-04-06T09:01:33.082Z,0087686667,Optique,Paris Bercy,Lunettes,Objet trouvé,2020-06-21T19:37:54+00:00,
objets-trouves-restitution,7dc7e774113f99f6e315110ad54abb88faff38d4,2023-04-06T09:01:33.082Z,0087686667,"Bagagerie: sacs, valises, cartables",Paris Bercy,"Sac de voyage, sac de sport, sac à bandoulière",Objet trouvé,2020-06-21T19:24:31+00:00,2020-06-22T10:11:55+00:00
objets-trouves-restitution,42bb3e72aa3c60b9d27de099c58668aee6549a0b,2023-04-06T09:01:33.082Z,0087686667,"Vêtements, chaussures",Paris Bercy,"Manteau, veste, blazer, parka, blouson, cape",Objet trouvé,2020-06-20T19:11:40+00:00,
objets-trouves-restitution,06431e43e034c2f3ccfebc7815bfeae76450065d,2023-04-06T09:01:33.082Z,0087686667,Instruments de musique,Paris Bercy,Autres instruments de musique,Objet trouvé,2020-06-20T18:58:31+00:00,2020-06-27T08:36:39+00:00
objets-trouves-restitution,d6c27fab4adb1f2706a75758e784c174fddd866e,2023-04-06T09:01:33.082Z,0087686667,Optique,Paris Bercy,Lunettes,Objet trouvé,2020-06-20T18:33:02+00:00,
objets-trouves-restitution,2b68f9f114d2b0d42f4335c07294212dbab5262e,2023-04-06T09:01:33.082Z,0087686667,"Bagagerie: sacs, valises, cartables",Paris Bercy,"Sac de voyage, sac de sport, sac à bandoulière",Objet trouvé,2020-06-19T05:24:33+00:00,2020-06-19T14:39:47+00:00
objets-trouves-restitution,636308c5a82ecb68e05b5395d711178989a04f3f,2023-04-06T09:01:33.082Z,0087686667,"Clés, porte-clés, badge magnétique",Paris Bercy,"Clés, porte-clés",Objet trouvé,2020-06-18T17:36:29+00:00,
objets-trouves-restitution,81b76233075ff151def728c760a0d9ee55eb8fdf,2023-04-06T09:01:33.082Z,0087686667,"Bagagerie: sacs, valises, cartables",Paris Bercy,Sac à main,Objet trouvé,2020-06-17T07:16:38+00:00,
objets-trouves-restitution,a2f8e6f69f77ff49821b41f989f25075a56c05c0,2023-04-06T09:01:33.082Z,0087686667,"Appareils électroniques, informatiques, appareils photo",Paris Bercy,Téléphone portable,Objet trouvé,2020-06-15T08:09:08+00:00,2020-06-15T08:29:31+00:00
objets-trouves-restitution,c8c5c27b9883d85ace773d241daf0d9b2a294de5,2023-04-06T09:01:33.082Z,0087686667,"Bagagerie: sacs, valises, cartables",Paris Bercy,"Valise, sac sur roulettes",Objet trouvé,2020-06-11T19:13:52+00:00,
objets-trouves-restitution,7f092bedc66b98eab8cdb7a6b75b9594cf6f4d3a,2023-04-06T09:01:33.082Z,0087686667,"Livres, articles de papéterie",Paris Bercy,"Article de papéterie, stylo, classeur",Objet trouvé,2020-06-11T12:53:11+00:00,2020-06-11T12:58:11+00:00
objets-trouves-restitution,6bef0f1b89ae7669678a5bf539f4f75edd90dce7,2023-04-06T09:01:33.082Z,0087686667,"Bagagerie: sacs, valises, cartables",Paris Bercy,"Valise, sac sur roulettes",Objet trouvé,2020-06-11T11:38:27+00:00,2020-06-11T17:49:34+00:00
objets-trouves-restitution,f621d06ed14f63f2344ad5f03aa1465cb3f2ee64,2023-04-06T09:01:33.082Z,0087686667,Parapluies,Paris Bercy,"Parapluie télescopique, parapluie de poche",Objet trouvé,2020-06-08T17:20:05+00:00,
objets-trouves-restitution,0d49cbc937ee5482a8e7f934cfd35b903ce969d6,2023-04-06T09:01:33.082Z,0087686667,Pièces d'identités et papiers personnels,Paris Bercy,Pièce d'identité personnelle et autre,Objet trouvé,2020-06-08T13:00:09+00:00,
objets-trouves-restitution,a15e5ca5c35228d74ccc059b105f3dd0634dedc4,2023-04-06T09:01:33.082Z,0087686667,Pièces d'identités et papiers personnels,Paris Bercy,Pièce d'identité personnelle et autre,Objet trouvé,2020-06-08T12:58:29+00:00,
objets-trouves-restitution,41bd210d8f061091543ebd104c54b3be7e09a4b9,2023-04-06T09:01:33.082Z,0087686667,"Porte-monnaie / portefeuille, argent, titres",Paris Bercy,"Porte-monnaie, portefeuille",Objet trouvé,2020-06-08T12:10:21+00:00,2020-06-08T12:22:52+00:00
objets-trouves-restitution,b7ed19c2cda029056dfd21a916809e7815228334,2023-04-06T09:01:33.082Z,0087686667,"Porte-monnaie / portefeuille, argent, titres",Paris Bercy,"Porte-monnaie, portefeuille",Objet trouvé,2020-05-26T09:22:51+00:00,
objets-trouves-restitution,7ab5cc0414fd7a33c0f1560c560f885dd72a9013,2023-04-06T09:01:33.082Z,0087686667,Pièces d'identités et papiers personnels,Paris Bercy,"Carte d'identité, passeport, permis de conduire",Objet trouvé,2020-05-22T18:16:30+00:00,
objets-trouves-restitution,730639db168fd26a69acd79b9cc46fc8ed2535bd,2023-04-06T09:01:33.082Z,0087686667,"Bagagerie: sacs, valises, cartables",Paris Bercy,"Sac de voyage, sac de sport, sac à bandoulière",Objet trouvé,2020-05-20T12:07:21+00:00,
objets-trouves-restitution,2efd472c80a74f7e503f12259cc3c5ce020b2292,2023-04-06T09:01:33.082Z,0087686667,"Bagagerie: sacs, valises, cartables",Paris Bercy,"Valise, sac sur roulettes",Objet trouvé,2020-05-20T05:18:04+00:00,2020-05-20T14:21:48+00:00
objets-trouves-restitution,dfed742e2f69f8179d0849f938591033445352e7,2023-04-06T09:01:33.082Z,0087686667,"Appareils électroniques, informatiques, appareils photo",Paris Bercy,"Ordinateur, ordinateur portable, notebook",Objet trouvé,2020-03-15T20:50:52+00:00,2020-06-09T19:11:31+00:00
objets-trouves-restitution,81196771108505e7930224b4d5f1b489751d71b0,2023-04-06T09:01:33.082Z,0087686667,"Clés, porte-clés, badge magnétique",Paris Bercy,"Clés, porte-clés",Objet trouvé,2020-03-15T18:02:54+00:00,
objets-trouves-restitution,275ca7f65c118a81aeb8138ecfb8b82e9a978904,2023-04-06T09:01:33.082Z,0087686667,Optique,Paris Bercy,Lunettes,Objet trouvé,2020-03-15T18:00:24+00:00,
objets-trouves-restitution,f1ae0e5bc131d0a980f3835237c128b49a4db0de,2023-04-06T09:01:33.082Z,0087686667,Optique,Paris Bercy,Lunettes en étui,Objet trouvé,2020-03-15T17:54:26+00:00,
objets-trouves-restitution,1bf3ac05b05dc28f21f075329f530b0271782670,2023-04-06T09:01:33.082Z,0087686667,"Bijoux, montres",Paris Bercy,Bague,Objet trouvé,2020-03-15T17:49:49+00:00,
objets-trouves-restitution,f8c3337a984c79e2bb5948144bef4f7b83b3492b,2023-04-06T09:01:33.082Z,0087686667,"Bijoux, montres",Paris Bercy,Bracelet,Objet trouvé,2020-03-15T17:47:05+00:00,
objets-trouves-restitution,9faaff9cbd86926ae33611311892b8d90b50cd7e,2023-04-06T09:01:33.082Z,0087686667,"Appareils électroniques, informatiques, appareils photo",Paris Bercy,"Ordinateur, ordinateur portable, notebook",Objet trouvé,2020-03-15T17:42:01+00:00,
objets-trouves-restitution,f82b7d68db3539e72eb2e68b94507c026789b2a7,2023-04-06T09:01:33.082Z,0087686667,Pièces d'identités et papiers personnels,Paris Bercy,Autre pièce ou papier personnel,Objet trouvé,2020-03-14T21:43:35+00:00,
objets-trouves-restitution,51b892f75772fdea8fcf03508a8b5a13f22aac86,2023-04-06T09:01:33.082Z,0087686667,"Bagagerie: sacs, valises, cartables",Paris Bercy,"Sac de voyage, sac de sport, sac à bandoulière",Objet trouvé,2020-03-14T19:59:33+00:00,2020-05-14T13:12:05+00:00
objets-trouves-restitution,964f3729d4ab93d98e53cdbc0b8ca367339e1e92,2023-04-06T09:01:33.082Z,0087686667,"Bagagerie: sacs, valises, cartables",Paris Bercy,"Valise, sac sur roulettes",Objet trouvé,2020-03-10T15:07:37+00:00,
objets-trouves-restitution,caa4ce10b902f121ed0ce8b075ea62f1d3837868,2023-04-06T09:01:33.082Z,0087686667,Optique,Paris Bercy,Lunettes en étui,Objet trouvé,2020-03-07T09:35:19+00:00,
objets-trouves-restitution,ec6a040833ec33e74dc1cfae8184a4580c3f85c3,2023-04-06T09:01:33.082Z,0087686667,"Bagagerie: sacs, valises, cartables",Paris Bercy,"Sacoche ventrale, banane",Objet trouvé,2020-03-06T18:25:34+00:00,2020-03-12T07:11:57+00:00
objets-trouves-restitution,6d26cffe7381b8c95fa21562b8e2b3d94606af2e,2023-04-06T09:01:33.082Z,0087686667,"Appareils électroniques, informatiques, appareils photo",Paris Bercy,Autres appareils et accessoires électroniques,Objet trouvé,2020-03-03T14:50:43+00:00,
objets-trouves-restitution,5fd851422c193df39c841b3f4bd36e338179a470,2023-04-06T09:01:33.082Z,0087686667,"Appareils électroniques, informatiques, appareils photo",Paris Bercy,"Téléphone portable protégé (étui, coque,…)",Objet trouvé,2020-03-03T14:44:45+00:00,
objets-trouves-restitution,2a6bc7767a9c03aa96245327725b947b7d5001ba,2023-04-06T09:01:33.082Z,0087686667,"Bagagerie: sacs, valises, cartables",Paris Bercy,"Sac d'enseigne (plastique, papier, …)",Objet trouvé,2020-03-02T17:54:54+00:00,
objets-trouves-restitution,b42af2ba05cfb356b34ec8509b52efdb4fa274a6,2023-04-06T09:01:33.082Z,0087686667,"Bagagerie: sacs, valises, cartables",Paris Bercy,"Sac d'enseigne (plastique, papier, …)",Objet trouvé,2020-03-02T15:47:05+00:00,
objets-trouves-restitution,2e2ca4ed0aa4d8625f4bf5e1e15b0883ca603b1b,2023-04-06T09:01:33.082Z,0087686667,"Articles d'enfants, de puériculture",Paris Bercy,"Cartable, trousse d'écolier, dossier scolaire",Objet trouvé,2020-03-02T15:41:32+00:00,
objets-trouves-restitution,c575ca1e1cd7a09598adb7e05d7f700238ddd9c9,2023-04-06T09:01:33.082Z,0087686667,"Porte-monnaie / portefeuille, argent, titres",Paris Bercy,"Porte-monnaie, portefeuille",Objet trouvé,2020-03-01T21:34:01+00:00,2020-03-15T17:42:42+00:00
objets-trouves-restitution,83b4cd2aa58526d325e43dd630c9ef241a605cf7,2023-04-06T09:01:33.082Z,0087686667,"Bagagerie: sacs, valises, cartables",Paris Bercy,"Sac d'enseigne (plastique, papier, …)",Objet trouvé,2020-03-01T21:27:40+00:00,
objets-trouves-restitution,3f5b2a6690d5e2c49a9ff5f39894a8f5a459bcc2,2023-04-06T09:01:33.082Z,0087686667,Pièces d'identités et papiers personnels,Paris Bercy,Carte Vitale,Objet trouvé,2020-03-01T18:51:29+00:00,2020-03-04T17:53:15+00:00
objets-trouves-restitution,208740e7f7f63a3e0e5eb6759cfa886a420a4258,2023-04-06T09:01:33.082Z,0087686667,"Porte-monnaie / portefeuille, argent, titres",Paris Bercy,Carte de crédit,Objet trouvé,2020-03-01T18:46:42+00:00,
objets-trouves-restitution,988047276e427998caa7f651e9e8858259ea92a4,2023-04-06T09:01:33.082Z,0087686667,Pièces d'identités et papiers personnels,Paris Bercy,"Carte d'identité, passeport, permis de conduire",Objet trouvé,2020-03-01T18:41:55+00:00,
objets-trouves-restitution,be3d1dad936f535a7de717d55e5c541088c15616,2023-04-06T09:01:33.082Z,0087686667,"Bagagerie: sacs, valises, cartables",Paris Bercy,"Nécessaire, mallette de toilette, sac de maquillage",Objet trouvé,2020-03-01T18:34:20+00:00,2020-03-01T19:28:26+00:00
objets-trouves-restitution,70134a8bf54f46fd2abf872a0b9ab1d78e2b8505,2023-04-06T09:01:33.082Z,0087686667,"Bagagerie: sacs, valises, cartables",Paris Bercy,"Sac de voyage, sac de sport, sac à bandoulière",Objet trouvé,2020-03-01T11:24:00+00:00,
objets-trouves-restitution,cfb677561d119b7f2ccdcb897dba4be38009cb33,2023-04-06T09:01:33.082Z,0087686667,"Bagagerie: sacs, valises, cartables",Paris Bercy,"Sac de voyage, sac de sport, sac à bandoulière",Objet trouvé,2020-02-29T21:15:46+00:00,2020-03-02T11:02:40+00:00
objets-trouves-restitution,6126193ce1c5d6c7974d89671adc88c9d9b33172,2023-04-06T09:01:33.082Z,0087686667,"Porte-monnaie / portefeuille, argent, titres",Paris Bercy,"Porte-monnaie, portefeuille",Objet trouvé,2020-02-29T13:13:33+00:00,2020-03-05T15:16:53+00:00
objets-trouves-restitution,18636a1863bb11191deafe87dadb3c4cb372e489,2023-04-06T09:01:33.082Z,0087686667,"Vêtements, chaussures",Paris Bercy,"Bonnet, chapeau",Objet trouvé,2020-02-28T09:52:32+00:00,
objets-trouves-restitution,8b4fec17dbeabf9a7c58b48e2a8245cc98b9b974,2023-04-06T09:01:33.082Z,0087686667,"Bagagerie: sacs, valises, cartables",Paris Bercy,"Nécessaire, mallette de toilette, sac de maquillage",Objet trouvé,2020-02-28T09:25:56+00:00,
objets-trouves-restitution,d1d00133ad00445440ca5e2e34f97ee243389f29,2023-04-06T09:01:33.082Z,0087686667,"Bagagerie: sacs, valises, cartables",Paris Bercy,Sac à dos,Objet trouvé,2020-02-27T18:48:55+00:00,2020-02-29T17:04:52+00:00
objets-trouves-restitution,fb49cac69bcd0c2f67d35565e97a480aca65103d,2023-04-06T09:01:33.082Z,0087686667,"Bagagerie: sacs, valises, cartables",Paris Bercy,Sac à dos,Objet trouvé,2020-02-27T10:28:09+00:00,2020-03-10T11:02:34+00:00
objets-trouves-restitution,4cb18fc3b3fe8d6bdfc5d1c866adea37632a5b45,2023-04-06T09:01:33.082Z,0087686667,"Porte-monnaie / portefeuille, argent, titres",Paris Bercy,"Porte-monnaie, portefeuille",Objet trouvé,2020-02-27T09:20:52+00:00,2020-02-27T13:02:58+00:00
objets-trouves-restitution,cdf7724eec363f712b0f1e78b7683c4517480ac4,2023-04-06T09:01:33.082Z,0087686667,"Appareils électroniques, informatiques, appareils photo",Paris Bercy,"Téléphone portable protégé (étui, coque,…)",Objet trouvé,2020-02-26T10:46:09+00:00,2020-03-03T09:47:51+00:00
objets-trouves-restitution,0f47db49f6d620698ea75fb787931fa9d65c813e,2023-04-06T09:01:33.082Z,0087686667,"Livres, articles de papéterie",Paris Bercy,Livre relié,Objet trouvé,2020-02-25T19:58:01+00:00,
objets-trouves-restitution,97d6bcbb4fd068cba39ad453884f1b010237d7f9,2023-04-06T09:01:33.082Z,0087686667,Optique,Paris Bercy,Lunettes en étui,Objet trouvé,2020-02-25T19:53:52+00:00,
objets-trouves-restitution,f4782595be94eddcb248be91c10e6f467024617f,2023-04-06T09:01:33.082Z,0087686667,"Livres, articles de papéterie",Paris Bercy,Livre relié,Objet trouvé,2020-02-25T19:50:43+00:00,
objets-trouves-restitution,80b2184cef477717eaa44b21f8dd4af085292319,2023-04-06T09:01:33.082Z,0087686667,"Porte-monnaie / portefeuille, argent, titres",Paris Bercy,"Porte-monnaie, portefeuille",Objet trouvé,2020-02-25T19:45:13+00:00,
objets-trouves-restitution,c4b9e92265e88d0aa0625d87ea2a32b4a9170d9a,2023-04-06T09:01:33.082Z,0087686667,"Livres, articles de papéterie",Paris Bercy,Livre de poche,Objet trouvé,2020-02-25T19:39:22+00:00,
objets-trouves-restitution,972f793c23c8baea5f85eaf1e8d0c55d195c533f,2023-04-06T09:01:33.082Z,0087686667,"Porte-monnaie / portefeuille, argent, titres",Paris Bercy,"Porte-monnaie, portefeuille",Objet trouvé,2020-02-25T19:35:24+00:00,
objets-trouves-restitution,9d9120da43064022ac71fd576ea1e05760a86631,2023-04-06T09:01:33.082Z,0087686667,Pièces d'identités et papiers personnels,Paris Bercy,"Carte d'identité, passeport, permis de conduire",Objet trouvé,2020-02-25T19:29:46+00:00,2020-02-26T10:48:14+00:00
objets-trouves-restitution,ab89059f64a88658a10e916b1b50d408f4eaefb6,2023-04-06T09:01:33.082Z,0087686667,"Bagagerie: sacs, valises, cartables",Paris Bercy,Sac à dos,Objet trouvé,2020-02-25T19:11:53+00:00,
objets-trouves-restitution,369173b667cf3cc83885d67a112dd2d5f80aeebe,2023-04-06T09:01:33.082Z,0087686667,"Bagagerie: sacs, valises, cartables",Paris Bercy,Sac à dos,Objet trouvé,2020-02-25T17:59:47+00:00,2020-02-25T18:01:16+00:00
objets-trouves-restitution,d21c579a928b7644804b141ae95b1d6c541472da,2023-04-06T09:01:33.082Z,0087686667,"Appareils électroniques, informatiques, appareils photo",Paris Bercy,"Téléphone portable protégé (étui, coque,…)",Objet trouvé,2020-02-25T07:50:04+00:00,2020-02-28T13:52:52+00:00
objets-trouves-restitution,37c13a451563a3c74ba85fc3d1b510130286bd33,2023-04-06T09:01:33.082Z,0087686667,Pièces d'identités et papiers personnels,Paris Bercy,"Carte d'identité, passeport, permis de conduire",Objet trouvé,2020-02-24T20:24:05+00:00,
objets-trouves-restitution,04d2774292c69191eef43d24569cb5829ffd65d3,2023-04-06T09:01:33.082Z,0087686667,Pièces d'identités et papiers personnels,Paris Bercy,"Carte d'identité, passeport, permis de conduire",Objet trouvé,2020-02-24T20:21:02+00:00,
objets-trouves-restitution,76220111beef0f155bc4592165609ba714f07c37,2023-04-06T09:01:33.082Z,0087686667,"Appareils électroniques, informatiques, appareils photo",Paris Bercy,"Ordinateur, ordinateur portable, notebook",Objet trouvé,2020-02-24T20:16:05+00:00,2020-02-29T12:50:59+00:00
objets-trouves-restitution,6c1bced5af6758507652bd48110139d032f504cd,2023-04-06T09:01:33.082Z,0087686667,Pièces d'identités et papiers personnels,Paris Bercy,"Carte d'identité, passeport, permis de conduire",Objet trouvé,2020-02-24T10:15:36+00:00,
objets-trouves-restitution,812aca811c96154530e6d1c3b7a3cd6fec95af67,2023-04-06T09:01:33.082Z,0087686667,"Bagagerie: sacs, valises, cartables",Paris Bercy,"Sac d'enseigne (plastique, papier, …)",Objet trouvé,2020-02-23T22:29:01+00:00,
objets-trouves-restitution,7972a1348e431f4beb2174f81f69fd2feccb012a,2023-04-06T09:01:33.082Z,0087686667,"Appareils électroniques, informatiques, appareils photo",Paris Bercy,Livre numérique,Objet trouvé,2020-02-23T21:49:16+00:00,2020-02-28T13:36:43+00:00
objets-trouves-restitution,87d7a12286d26b50aa737c2d3daa6b3c2b121d98,2023-04-06T09:01:33.082Z,0087686667,"Bagagerie: sacs, valises, cartables",Paris Bercy,Sac à main,Objet trouvé,2020-02-23T20:45:52+00:00,2020-02-28T10:49:18+00:00
objets-trouves-restitution,1445a41066a1b91b0ee177d634528e06a90065b5,2023-04-06T09:01:33.082Z,0087686667,"Clés, porte-clés, badge magnétique",Paris Bercy,"Clés, porte-clés",Objet trouvé,2020-02-23T16:25:45+00:00,
objets-trouves-restitution,1cd20bcf2fcb07574259dd37db36271ba4e1576e,2023-04-06T09:01:33.082Z,0087686667,Pièces d'identités et papiers personnels,Paris Bercy,"Carte d'identité, passeport, permis de conduire",Objet trouvé,2020-02-23T10:02:06+00:00,
objets-trouves-restitution,b46f6a372735559db1711b72646de1e8a1751a54,2023-04-06T09:01:33.082Z,0087686667,"Porte-monnaie / portefeuille, argent, titres",Paris Bercy,"Porte-monnaie, portefeuille",Objet trouvé,2020-02-22T19:37:41+00:00,2020-02-28T13:10:02+00:00
objets-trouves-restitution,3503cb547f8f86b119aa0a8efa93d7bb27cb6686,2023-04-06T09:01:33.082Z,0087686667,"Bagagerie: sacs, valises, cartables",Paris Bercy,"Valise, sac sur roulettes",Objet trouvé,2020-02-22T17:45:37+00:00,2020-12-31T11:49:22+00:00
objets-trouves-restitution,f07cff284dbf1c1724dbca2408c70ba05e697ca0,2023-04-06T09:01:33.082Z,0087686667,"Bagagerie: sacs, valises, cartables",Paris Bercy,"Sacoche ventrale, banane",Objet trouvé,2020-02-22T13:43:32+00:00,2020-02-22T18:33:59+00:00
objets-trouves-restitution,22a1ecd28ef3897e07a5102f0e1f34a88a4ef7f5,2023-04-06T09:01:33.082Z,0087686667,"Bagagerie: sacs, valises, cartables",Paris Bercy,Sac à dos,Objet trouvé,2020-02-22T12:37:15+00:00,2020-02-22T15:53:49+00:00
objets-trouves-restitution,dc0a66c1eb3d62bb011694c95ae3b0fdbfd28174,2023-04-06T09:01:33.082Z,0087686667,"Porte-monnaie / portefeuille, argent, titres",Paris Bercy,"Porte-monnaie, portefeuille",Objet trouvé,2020-02-22T12:05:25+00:00,2020-02-28T13:33:28+00:00
objets-trouves-restitution,a63629f1a669d61de7d0f13ddccb032d4e6206c1,2023-04-06T09:01:33.082Z,0087686667,"Bagagerie: sacs, valises, cartables",Paris Bercy,Sac à dos,Objet trouvé,2020-02-22T11:43:11+00:00,2020-02-22T12:14:26+00:00
objets-trouves-restitution,09eb2e9fae73f206df4ab1355e0992bda965bf93,2023-04-06T09:01:33.082Z,0087686667,"Articles de sport, loisirs, camping",Paris Bercy,"Rollers, patins à roulettes",Objet trouvé,2020-02-21T22:13:21+00:00,
objets-trouves-restitution,80ff3f812d7b690c8ddef74e09dc74af50a8b317,2023-04-06T09:01:33.082Z,0087686667,Pièces d'identités et papiers personnels,Paris Bercy,Autre pièce ou papier personnel,Objet trouvé,2020-02-18T20:18:19+00:00,
objets-trouves-restitution,d66bde0d2fcca8b6ab7f0c04ad51dc7bca5a19fd,2023-04-06T09:01:33.082Z,0087686667,Pièces d'identités et papiers personnels,Paris Bercy,"Carte d'identité, passeport, permis de conduire",Objet trouvé,2020-02-18T20:12:50+00:00,2020-02-26T09:43:38+00:00
objets-trouves-restitution,96c200f7f48a302a2d1b807fd48ebd88f9bd378d,2023-04-06T09:01:33.082Z,0087686667,Pièces d'identités et papiers personnels,Paris Bercy,Autre pièce ou papier personnel,Objet trouvé,2020-02-18T20:02:07+00:00,
objets-trouves-restitution,84a3fa8aa32b39e9f48ebb4aabb4f2bf3c511f4c,2023-04-06T09:01:33.082Z,0087686667,"Clés, porte-clés, badge magnétique",Paris Bercy,"Clés, porte-clés",Objet trouvé,2020-02-18T19:59:00+00:00,
objets-trouves-restitution,b58a6df44363f822f84dacd568fff21b0c93c15e,2023-04-06T09:01:33.082Z,0087686667,"Vêtements, chaussures",Paris Bercy,"Foulard, écharpe",Objet trouvé,2020-02-18T19:55:24+00:00,
objets-trouves-restitution,dbfdd688272e90099996c56b10bd351c0e208b33,2023-04-06T09:01:33.082Z,0087686667,Parapluies,Paris Bercy,"Parapluie télescopique, parapluie de poche",Objet trouvé,2020-02-18T19:53:13+00:00,
objets-trouves-restitution,7a506a9c26a4463a4a3cb34728f416dbff20dbe1,2023-04-06T09:01:33.082Z,0087686667,"Vêtements, chaussures",Paris Bercy,"Foulard, écharpe",Objet trouvé,2020-02-18T19:50:46+00:00,
objets-trouves-restitution,b0b2dc039cc50ce26093dbfe745f507ac3977643,2023-04-06T09:01:33.082Z,0087686667,"Vêtements, chaussures",Paris Bercy,"Bonnet, chapeau",Objet trouvé,2020-02-18T19:48:37+00:00,
objets-trouves-restitution,e444f067decb2463b4697439c54ba13952240133,2023-04-06T09:01:33.082Z,0087686667,Optique,Paris Bercy,Lunettes en étui,Objet trouvé,2020-02-18T18:41:13+00:00,
objets-trouves-restitution,29f859388ba090c1a4f681d23a812bfd44afdbba,2023-04-06T09:01:33.082Z,0087686667,"Appareils électroniques, informatiques, appareils photo",Paris Bercy,"Téléphone portable protégé (étui, coque,…)",Objet trouvé,2020-02-18T17:23:51+00:00,2020-02-18T17:28:39+00:00
objets-trouves-restitution,57d3bf1392dc9b0a1c88ee3112a0702a7baa321d,2023-04-06T09:01:33.082Z,0087686667,Pièces d'identités et papiers personnels,Paris Bercy,"Carte d'identité, passeport, permis de conduire",Objet trouvé,2020-02-18T17:05:25+00:00,
objets-trouves-restitution,36fda3c7b559b49b42f8a74754594916d214ab7a,2023-04-06T09:01:33.082Z,0087686667,"Bagagerie: sacs, valises, cartables",Paris Bercy,"Sac de voyage, sac de sport, sac à bandoulière",Objet trouvé,2020-02-18T13:33:14+00:00,2020-02-19T18:22:26+00:00
objets-trouves-restitution,ffcb02d26c325d31add7b3f1f7b708da24a5a5fb,2023-04-06T09:01:33.082Z,0087686667,"Bagagerie: sacs, valises, cartables",Paris Bercy,"Valise, sac sur roulettes",Objet trouvé,2020-02-18T10:15:19+00:00,
objets-trouves-restitution,a24dbbe774f321e4bbc4d2e1fb78b5f406492637,2023-04-06T09:01:33.082Z,0087686667,"Bagagerie: sacs, valises, cartables",Paris Bercy,"Sac de voyage, sac de sport, sac à bandoulière",Objet trouvé,2020-02-15T12:32:58+00:00,2020-02-15T12:35:31+00:00
objets-trouves-restitution,5e09e3034fd2eb86b1cb21e63a88a13c573d33ca,2023-04-06T09:01:33.082Z,0087686667,"Porte-monnaie / portefeuille, argent, titres",Paris Bercy,"Porte-monnaie, portefeuille",Objet trouvé,2020-02-15T12:18:39+00:00,
objets-trouves-restitution,57a177d035fa0304a2c609666173b433b8772857,2023-04-06T09:01:33.082Z,0087686667,"Porte-monnaie / portefeuille, argent, titres",Paris Bercy,"Porte-monnaie, portefeuille",Objet trouvé,2020-02-12T12:13:34+00:00,
objets-trouves-restitution,01e3f25b89f6dcef72cc8fbbf772f47f5902aa88,2023-04-06T09:01:33.082Z,0087686667,"Livres, articles de papéterie",Paris Bercy,Chemise à rabat,Objet trouvé,2020-02-11T10:01:05+00:00,2020-12-31T11:47:54+00:00
objets-trouves-restitution,9109b18b0b1e9f943e0266c434b1376daf469ec4,2023-04-06T09:01:33.082Z,0087686667,"Livres, articles de papéterie",Paris Bercy,"Cartable à dessins, pochette à dessins",Objet trouvé,2020-02-11T07:45:58+00:00,2020-12-31T11:54:43+00:00
objets-trouves-restitution,af1bc3002f6b0f83534792cd4a0f66f77b37086e,2023-04-06T09:01:33.082Z,0087686667,"Porte-monnaie / portefeuille, argent, titres",Paris Bercy,Carte de crédit,Objet trouvé,2020-02-10T20:31:17+00:00,
objets-trouves-restitution,fabdeb7b9b44c7302034d4a46ec119b01052502e,2023-04-06T09:01:33.082Z,0087686667,Pièces d'identités et papiers personnels,Paris Bercy,"Carte d'identité, passeport, permis de conduire",Objet trouvé,2020-02-10T20:27:50+00:00,
objets-trouves-restitution,6e635a3f6f2f1ae733db90d23a63e82091648acb,2023-04-06T09:01:33.082Z,0087686667,"Porte-monnaie / portefeuille, argent, titres",Paris Bercy,"Porte-monnaie, portefeuille",Objet trouvé,2020-02-10T20:22:20+00:00,
objets-trouves-restitution,7e691ba46eab215ec4fb5e17163406147e6cc2fa,2023-04-06T09:01:33.082Z,0087686667,Pièces d'identités et papiers personnels,Paris Bercy,"Carte d'identité, passeport, permis de conduire",Objet trouvé,2020-02-10T20:15:46+00:00,2020-02-19T13:24:20+00:00
objets-trouves-restitution,68ae2c61e022dcb5f6e4e54c1be392248f0fafe6,2023-04-06T09:01:33.082Z,0087686667,"Porte-monnaie / portefeuille, argent, titres",Paris Bercy,"Porte-monnaie, portefeuille",Objet trouvé,2020-02-10T20:10:30+00:00,
objets-trouves-restitution,9fc68e2ef0a5fd5182c8bff16781117c11ea18fe,2023-04-06T09:01:33.082Z,0087686667,"Vêtements, chaussures",Paris Bercy,Chaussures (autre que chaussures de ski et patins),Objet trouvé,2020-02-10T18:43:15+00:00,
objets-trouves-restitution,624a2da4e26f52cd93c7e854fc96a8127fe5bc57,2023-04-06T09:01:33.082Z,0087686667,"Bagagerie: sacs, valises, cartables",Paris Bercy,"Valise, sac sur roulettes",Objet trouvé,2020-02-09T19:00:13+00:00,
objets-trouves-restitution,376e157dc72905f5bbc5670d1fdb98a8d7f8219a,2023-04-06T09:01:33.082Z,0087686667,"Articles de sport, loisirs, camping",Paris Bercy,"Sacs de couchage, duvet",Objet trouvé,2020-02-09T18:54:15+00:00,
objets-trouves-restitution,af707d9ea0182f275836d3342808b9088538e34d,2023-04-06T09:01:33.082Z,0087686667,"Bagagerie: sacs, valises, cartables",Paris Bercy,"Valise, sac sur roulettes",Objet trouvé,2020-02-09T18:27:51+00:00,2020-02-28T13:44:50+00:00
objets-trouves-restitution,2b126355a919f0b5ff1a2e2eb780ca2a426dae1b,2023-04-06T09:01:33.082Z,0087686667,"Clés, porte-clés, badge magnétique",Paris Bercy,"Clés, porte-clés",Objet trouvé,2020-02-09T18:13:12+00:00,
objets-trouves-restitution,8983dcf53c99501d9761daa92aaac1a1402ac7af,2023-04-06T09:01:33.082Z,0087686667,"Clés, porte-clés, badge magnétique",Paris Bercy,"Clés, porte-clés",Objet trouvé,2020-02-09T18:06:40+00:00,
objets-trouves-restitution,4c9cc74413106b595f294d4647f7183532b0d92b,2023-04-06T09:01:33.082Z,0087686667,"Livres, articles de papéterie",Paris Bercy,Autre livre,Objet trouvé,2020-02-09T18:04:29+00:00,
objets-trouves-restitution,cfb9c2372d3411ae9c8c4146ccccace660e03690,2023-04-06T09:01:33.082Z,0087686667,"Appareils électroniques, informatiques, appareils photo",Paris Bercy,"Téléphone portable protégé (étui, coque,…)",Objet trouvé,2020-02-06T20:35:35+00:00,2020-02-07T17:12:07+00:00
objets-trouves-restitution,ce4c107ec7ae69b30e1b30c6ef3d285f3a1effed,2023-04-06T09:01:33.082Z,0087686667,Pièces d'identités et papiers personnels,Paris Bercy,"Carte d'identité, passeport, permis de conduire",Objet trouvé,2020-02-06T20:19:29+00:00,
objets-trouves-restitution,03d757587d0b9f7779cbc5f292734d1bda11ac84,2023-04-06T09:01:33.082Z,0087686667,Pièces d'identités et papiers personnels,Paris Bercy,"Carte d'identité, passeport, permis de conduire",Objet trouvé,2020-02-06T20:09:02+00:00,
objets-trouves-restitution,5c14bbdecf7cf732fc556c13e9e1104336767e47,2023-04-06T09:01:33.082Z,0087686667,Pièces d'identités et papiers personnels,Paris Bercy,Pièce d'identité personnelle et autre,Objet trouvé,2020-02-06T10:46:06+00:00,
objets-trouves-restitution,4865fcbcbf7d3d7168428da30b36cd61dac4466f,2023-04-06T09:01:33.082Z,0087686667,"Appareils électroniques, informatiques, appareils photo",Paris Bercy,Autres appareils et accessoires électroniques,Objet trouvé,2020-02-06T08:37:55+00:00,
objets-trouves-restitution,8e44fb06aa48e35240bab85d7881158b8b227c56,2023-04-06T09:01:33.082Z,0087686667,"Vêtements, chaussures",Paris Bercy,"Manteau, veste, blazer, parka, blouson, cape",Objet trouvé,2020-02-05T17:46:25+00:00,
objets-trouves-restitution,38a5a6283ccd876c6261f833c01d2a8df95eb413,2023-04-06T09:01:33.082Z,0087686667,"Livres, articles de papéterie",Paris Bercy,"Agenda, calendrier",Objet trouvé,2020-02-05T13:19:49+00:00,
objets-trouves-restitution,4780d00023783c9dd47e781281a8a34726870f57,2023-04-06T09:01:33.082Z,0087686667,"Porte-monnaie / portefeuille, argent, titres",Paris Bercy,"Porte-monnaie, portefeuille",Objet trouvé,2020-02-05T13:19:04+00:00,
objets-trouves-restitution,3afe6f8ccc3acfd88d332eef36f2d59ef4742bd9,2023-04-06T09:01:33.082Z,0087686667,"Vêtements, chaussures",Paris Bercy,Autres vêtements,Objet trouvé,2020-02-05T12:30:28+00:00,
objets-trouves-restitution,d696dfd1efadb94f440c0e6400b038b608a343d9,2023-04-06T09:01:33.082Z,0087686667,Pièces d'identités et papiers personnels,Paris Bercy,"Carte d'identité, passeport, permis de conduire",Objet trouvé,2020-02-04T17:49:58+00:00,
objets-trouves-restitution,d9a01d09279581b8a49eeffa8f773675c94f44c3,2023-04-06T09:01:33.082Z,0087686667,"Bagagerie: sacs, valises, cartables",Paris Bercy,"Valise, sac sur roulettes",Objet trouvé,2020-02-04T11:24:55+00:00,2020-02-04T17:22:37+00:00
objets-trouves-restitution,7ff453f71fe3e18d50906e4afbfeb52bf4becb39,2023-04-06T09:01:33.082Z,0087686667,"Appareils électroniques, informatiques, appareils photo",Paris Bercy,Livre numérique,Objet trouvé,2020-02-04T11:18:40+00:00,2020-02-04T13:14:14+00:00
objets-trouves-restitution,3d23615b1d99bf228ac60f6bb601621dbf8fe4ca,2023-04-06T09:01:33.082Z,0087686667,"Bagagerie: sacs, valises, cartables",Paris Bercy,"Valise, sac sur roulettes",Objet trouvé,2020-02-04T08:52:37+00:00,2020-02-28T13:47:56+00:00
objets-trouves-restitution,77dd750599b528e6341f42879fa97f4c97c53ce3,2023-04-06T09:01:33.082Z,0087686667,"Bagagerie: sacs, valises, cartables",Paris Bercy,"Sac de voyage, sac de sport, sac à bandoulière",Objet trouvé,2020-02-02T21:11:12+00:00,2020-02-02T21:23:16+00:00
objets-trouves-restitution,1f56007c36f6cc93f0ff9454dc9ab5532c55149c,2023-04-06T09:01:33.082Z,0087686667,"Bagagerie: sacs, valises, cartables",Paris Bercy,"Valise, sac sur roulettes",Objet trouvé,2020-02-02T12:12:36+00:00,2020-02-02T17:42:35+00:00
objets-trouves-restitution,a10255ac49af7c35e92458c3c8c783ef6294ec7c,2023-04-06T09:01:33.082Z,0087686667,"Porte-monnaie / portefeuille, argent, titres",Paris Bercy,"Porte-monnaie, portefeuille",Objet trouvé,2020-01-31T07:17:22+00:00,2020-02-04T07:24:41+00:00
objets-trouves-restitution,ac8e2eb397005c2c9538ca93b7fa2773a42dd427,2023-04-06T09:01:33.082Z,0087686667,Optique,Paris Bercy,Lunettes en étui,Objet trouvé,2020-01-30T13:36:20+00:00,2020-01-30T14:55:30+00:00
objets-trouves-restitution,dfa50120eebe2ce423011d3f63e3c695a1de3705,2023-04-06T09:01:33.082Z,0087686667,"Porte-monnaie / portefeuille, argent, titres",Paris Bercy,"Porte-monnaie, portefeuille",Objet trouvé,2020-01-28T20:22:30+00:00,
objets-trouves-restitution,e87ed849779fd80e575e0ac4e47d1c745ab64fba,2023-04-06T09:01:33.082Z,0087686667,Pièces d'identités et papiers personnels,Paris Bercy,"Carte d'identité, passeport, permis de conduire",Objet trouvé,2020-01-28T20:14:16+00:00,
objets-trouves-restitution,79ac30b34e6b379ffd433081a465dab4eb6549d8,2023-04-06T09:01:33.082Z,0087686667,"Porte-monnaie / portefeuille, argent, titres",Paris Bercy,"Porte-monnaie, portefeuille",Objet trouvé,2020-01-27T18:32:07+00:00,
objets-trouves-restitution,50083816d0f5652d2dbce7a2e1ce715085bfd8fd,2023-04-06T09:01:33.082Z,0087686667,Divers,Paris Bercy,Autres divers,Objet trouvé,2020-01-26T21:03:58+00:00,
objets-trouves-restitution,be07778289b8c48d2377342e94bab7b9b81f1b59,2023-04-06T09:01:33.082Z,0087686667,Optique,Paris Bercy,Lunettes en étui,Objet trouvé,2020-01-21T18:09:43+00:00,
objets-trouves-restitution,0e08a0e15d8dccb965f0a4e0236077eb2b64272e,2023-04-06T09:01:33.082Z,0087686667,"Bagagerie: sacs, valises, cartables",Paris Bercy,"Valise, sac sur roulettes",Objet trouvé,2020-01-21T18:01:30+00:00,
objets-trouves-restitution,95b8d47f2c4aa993ae767f13bda50a228e952a6d,2023-04-06T09:01:33.082Z,0087686667,"Porte-monnaie / portefeuille, argent, titres",Paris Bercy,"Porte-monnaie, portefeuille",Objet trouvé,2020-01-21T17:47:02+00:00,2020-12-31T11:46:42+00:00
objets-trouves-restitution,3277c7a86e0cf1a7ffbfade5ad737f43f0faf15f,2023-04-06T09:01:33.082Z,0087686667,Pièces d'identités et papiers personnels,Paris Bercy,Billets SNCF,Objet trouvé,2020-01-21T17:24:32+00:00,2020-01-26T17:56:03+00:00
objets-trouves-restitution,dd9fc2668cf0e23e4a971275342a78d0195bb9b9,2023-04-06T09:01:33.082Z,0087686667,"Bagagerie: sacs, valises, cartables",Paris Bercy,"Sac de voyage, sac de sport, sac à bandoulière",Objet trouvé,2020-01-20T06:50:25+00:00,2020-01-20T06:52:21+00:00
objets-trouves-restitution,04719ce8379fc6d1f630a3ab061512627121fba1,2023-04-06T09:01:33.082Z,0087686667,"Bagagerie: sacs, valises, cartables",Paris Bercy,Sac à main,Objet trouvé,2020-01-18T12:58:25+00:00,2020-03-09T11:19:25+00:00
objets-trouves-restitution,3ed7ae20d29d8459a50dad541ecf3e749a562681,2023-04-06T09:01:33.082Z,0087686667,"Appareils électroniques, informatiques, appareils photo",Paris Bercy,"Téléphone portable protégé (étui, coque,…)",Objet trouvé,2020-01-17T11:45:08+00:00,2020-02-11T19:04:52+00:00
objets-trouves-restitution,68e8633f9895a9a025dddda4b42aeea9288aec6f,2023-04-06T09:01:33.082Z,0087686667,"Porte-monnaie / portefeuille, argent, titres",Paris Bercy,"Porte-monnaie, portefeuille",Objet trouvé,2020-01-17T11:23:33+00:00,2020-01-28T10:52:33+00:00
objets-trouves-restitution,0925af0c90251af0d1f017297eceadfd39fb51b3,2023-04-06T09:01:33.082Z,0087686667,Pièces d'identités et papiers personnels,Paris Bercy,"Carte d'identité, passeport, permis de conduire",Objet trouvé,2020-01-17T11:18:09+00:00,
objets-trouves-restitution,b01fde824a3fd344f5d85fe39e3d4affb9de484d,2023-04-06T09:01:33.082Z,0087686667,Optique,Paris Bercy,Lunettes en étui,Objet trouvé,2020-01-16T09:21:35+00:00,
objets-trouves-restitution,641092530c58cd472970031de3f6ba72082d8643,2023-04-06T09:01:33.082Z,0087686667,"Appareils électroniques, informatiques, appareils photo",Paris Bercy,Téléphone portable,Objet trouvé,2020-01-15T13:01:01+00:00,2020-01-27T12:31:15+00:00
objets-trouves-restitution,6b92900a42ae3a378b426a8ab4e0b27ae2e8b42e,2023-04-06T09:01:33.082Z,0087686667,"Bagagerie: sacs, valises, cartables",Paris Bercy,"Valise, sac sur roulettes",Objet trouvé,2020-01-14T14:52:52+00:00,
objets-trouves-restitution,545daf1f2f6d07c47c9a682cb3e5a0898bf49d92,2023-04-06T09:01:33.082Z,0087686667,"Livres, articles de papéterie",Paris Bercy,Chemise à rabat,Objet trouvé,2020-01-14T14:38:18+00:00,2020-01-14T14:42:26+00:00
objets-trouves-restitution,113f42a0bfa4ba2ebee6d872a899376710d49dbc,2023-04-06T09:01:33.082Z,0087686667,"Clés, porte-clés, badge magnétique",Paris Bercy,"Clés, porte-clés",Objet trouvé,2020-01-14T09:10:29+00:00,
objets-trouves-restitution,06c463732bb84dc85236fc4240be4941c17d3487,2023-04-06T09:01:33.082Z,0087686667,"Clés, porte-clés, badge magnétique",Paris Bercy,"Clés, porte-clés",Objet trouvé,2020-01-13T11:47:16+00:00,
objets-trouves-restitution,7701053b76ceb55ff331e3bf871643689675cdc0,2023-04-06T09:01:33.082Z,0087686667,Pièces d'identités et papiers personnels,Paris Bercy,"Carte d'identité, passeport, permis de conduire",Objet trouvé,2020-01-10T10:35:32+00:00,
objets-trouves-restitution,b95e978196498750ecc86617aaebe6416f1e6fe1,2023-04-06T09:01:33.082Z,0087686667,"Porte-monnaie / portefeuille, argent, titres",Paris Bercy,"Porte-monnaie, portefeuille",Objet trouvé,2020-01-10T08:12:09+00:00,2020-01-11T09:10:25+00:00
objets-trouves-restitution,a0126db83252c54df469c873a73816b61ee82748,2023-04-06T09:01:33.082Z,0087686667,"Porte-monnaie / portefeuille, argent, titres",Paris Bercy,"Porte-monnaie, portefeuille",Objet trouvé,2020-01-06T18:38:32+00:00,
objets-trouves-restitution,cec7413053e7d4ab6881c5f919ba0ef03a86b988,2023-04-06T09:01:33.082Z,0087686667,"Appareils électroniques, informatiques, appareils photo",Paris Bercy,"Téléphone portable protégé (étui, coque,…)",Objet trouvé,2020-01-06T18:34:54+00:00,2020-01-07T10:46:30+00:00
objets-trouves-restitution,3aa2294bb75ad0331a9fb53440e458bcfa6d8b6d,2023-04-06T09:01:33.082Z,0087686667,"Bagagerie: sacs, valises, cartables",Paris Bercy,Sac à dos,Objet trouvé,2020-01-06T17:55:33+00:00,
objets-trouves-restitution,189bb2f66971872f158feea763ef06add47becba,2023-04-06T09:01:33.082Z,0087686667,"Porte-monnaie / portefeuille, argent, titres",Paris Bercy,Carte de crédit,Objet trouvé,2020-01-06T17:31:49+00:00,
objets-trouves-restitution,2a2f407c0a038f9436b4767a9b90781aeac4bf78,2023-04-06T09:01:33.082Z,0087686667,"Porte-monnaie / portefeuille, argent, titres",Paris Bercy,Carte de crédit,Objet trouvé,2020-01-06T17:18:42+00:00,
objets-trouves-restitution,189e21dee622b6f327dd5c0e99cfd6e5c95187fc,2023-04-06T09:01:33.082Z,0087686667,"Porte-monnaie / portefeuille, argent, titres",Paris Bercy,Carte de crédit,Objet trouvé,2020-01-06T17:05:31+00:00,
objets-trouves-restitution,65550ea7a600feb902d0898fc902017f355f17fe,2023-04-06T09:01:33.082Z,0087686667,Pièces d'identités et papiers personnels,Paris Bercy,"Carte d'identité, passeport, permis de conduire",Objet trouvé,2020-01-06T16:34:00+00:00,
objets-trouves-restitution,e006e6686f157959d397e6fba4c50d9ca08cfabe,2023-04-06T09:01:33.082Z,0087686667,"Porte-monnaie / portefeuille, argent, titres",Paris Bercy,Carte de crédit,Objet trouvé,2020-01-06T16:26:21+00:00,
objets-trouves-restitution,0c4534193039b88a1514c10bd4eb829657b682ca,2023-04-06T09:01:33.082Z,0087686667,"Bagagerie: sacs, valises, cartables",Paris Bercy,"Valise, sac sur roulettes",Objet trouvé,2020-01-06T16:07:10+00:00,
objets-trouves-restitution,22114b5864b995c45577abe3196751873411ef0e,2023-04-06T09:01:33.082Z,0087686667,"Appareils électroniques, informatiques, appareils photo",Paris Bercy,"Ordinateur, ordinateur portable, notebook protégé (étui, housse,…)",Objet trouvé,2020-01-06T14:37:32+00:00,
objets-trouves-restitution,9817100310cba17c998278d1ec8faa469e596b55,2023-04-06T09:01:33.082Z,0087686667,"Appareils électroniques, informatiques, appareils photo",Paris Bercy,"Téléphone portable protégé (étui, coque,…)",Objet trouvé,2020-01-06T14:25:09+00:00,
objets-trouves-restitution,c5256eb063e0ec83dc01ab47a4a2e4bcf9e3a5c7,2023-04-06T09:01:33.082Z,0087686667,"Articles d'enfants, de puériculture",Paris Bercy,"Doudou, peluche",Objet trouvé,2020-01-06T13:58:25+00:00,
objets-trouves-restitution,ea72b3a9b0838bcf11fbe60b742f63263ebec38b,2023-04-06T09:01:33.082Z,0087686667,"Bagagerie: sacs, valises, cartables",Paris Bercy,"Valise, sac sur roulettes",Objet trouvé,2020-01-06T07:37:10+00:00,2020-01-06T07:39:03+00:00
objets-trouves-restitution,bd76b7233ba15882d7a86d5c347aed82f7698cf9,2023-04-06T09:01:33.082Z,0087686667,"Bagagerie: sacs, valises, cartables",Paris Bercy,Sac à dos,Objet trouvé,2020-01-01T19:40:06+00:00,
objets-trouves-restitution,8bc132f3bb4b5af1bacb7e3f8be6da300262f145,2023-04-06T09:01:33.082Z,0087686667,"Bagagerie: sacs, valises, cartables",Paris Bercy,Sac à dos,Objet trouvé,2020-01-01T19:13:07+00:00,
objets-trouves-restitution,3b14683215b3e83e72a2c08771209270ecb92496,2023-04-06T09:01:33.082Z,0087686667,"Bagagerie: sacs, valises, cartables",Paris Bercy,"Sac de voyage, sac de sport, sac à bandoulière",Objet trouvé,2020-01-01T18:11:34+00:00,2020-01-06T12:06:43+00:00
objets-trouves-restitution,d23cb25ba23b6df904ddf07371d4a2cfd2156134,2023-04-06T09:01:33.082Z,0087686667,"Bagagerie: sacs, valises, cartables",Paris Bercy,"Sac de voyage, sac de sport, sac à bandoulière",Objet trouvé,2020-01-01T17:57:12+00:00,2020-12-31T11:43:03+00:00
objets-trouves-restitution,3cb4ff3fdbb387d1b5d6eb9b0102d174645ada0e,2023-04-06T09:01:33.082Z,0087686667,"Bagagerie: sacs, valises, cartables",Paris Bercy,"Valise, sac sur roulettes",Objet trouvé,2020-01-01T16:22:32+00:00,
objets-trouves-restitution,feb7674ebd811d41b97c41883ad890b78c6c7586,2023-04-06T09:01:33.082Z,0087686667,"Clés, porte-clés, badge magnétique",Paris Bercy,"Clés, porte-clés",Objet trouvé,2020-01-01T16:05:46+00:00,
objets-trouves-restitution,b59cff41703a4938babec05a9958f0c997ab2e4c,2023-04-06T09:01:33.082Z,0087686667,"Clés, porte-clés, badge magnétique",Paris Bercy,"Clés, porte-clés",Objet trouvé,2020-01-01T16:03:21+00:00,
objets-trouves-restitution,8549c539d8bfac12c113e61aec635dd1a1ebecfc,2023-04-06T09:01:33.082Z,0087686667,Pièces d'identités et papiers personnels,Paris Bercy,"Carte d'identité, passeport, permis de conduire",Objet trouvé,2020-01-01T15:17:10+00:00,
