datasetid,recordid,record_timestamp,fields.gc_obo_gare_origine_r_code_uic_c,fields.gc_obo_date_heure_restitution_c,fields.gc_obo_type_c,fields.gc_obo_gare_origine_r_name,fields.gc_obo_nature_c,fields.gc_obo_nom_recordtype_sc_c,fields.date
objets-trouves-restitution,5da5171f530edca3d0b7c89cb9c9144513fc84eb,2023-04-06T09:01:33.082Z,0087547000,2020-12-31T04:57:20+00:00,"Porte-monnaie / portefeuille, argent, titres",Paris Austerlitz,"Porte-monnaie, portefeuille",Objet trouvé,2020-12-31T04:51:54+00:00
objets-trouves-restitution,bbdff1443ece5152faa4b55a1085a81946cbd2a9,2023-04-06T09:01:33.082Z,0087547000,2020-12-30T13:31:01+00:00,Pièces d'identités et papiers personnels,Paris Austerlitz,"Carte d'identité, passeport, permis de conduire",Objet trouvé,2020-12-30T13:28:42+00:00
objets-trouves-restitution,250e87b173563967d9e323d19fa07d528580b273,2023-04-06T09:01:33.082Z,0087547000,2021-01-02T19:15:20+00:00,"Porte-monnaie / portefeuille, argent, titres",Paris Austerlitz,"Porte-monnaie, portefeuille",Objet trouvé,2020-12-30T12:30:47+00:00
objets-trouves-restitution,a970f40abe464dd88a8bd4798911a94102ba70ab,2023-04-06T09:01:33.082Z,0087547000,,"Appareils électroniques, informatiques, appareils photo",Paris Austerlitz,Autres appareils et accessoires électroniques,Objet trouvé,2020-12-30T10:50:49+00:00
objets-trouves-restitution,cfcdaa2d8682d63c3c5870541c5e61418d3fb630,2023-04-06T09:01:33.082Z,0087547000,2020-12-30T14:15:46+00:00,"Bagagerie: sacs, valises, cartables",Paris Austerlitz,Sac à dos,Objet trouvé,2020-12-29T13:14:46+00:00
objets-trouves-restitution,acc16acd8569357e5a3833ef8e33da0fb2f6d532,2023-04-06T09:01:33.082Z,0087547000,2021-01-05T11:31:43+00:00,"Porte-monnaie / portefeuille, argent, titres",Paris Austerlitz,"Porte-monnaie, portefeuille",Objet trouvé,2020-12-29T12:20:11+00:00
objets-trouves-restitution,96a2e8997f65a26abd903d58743eb3fc4abe5a04,2023-04-06T09:01:33.082Z,0087547000,2020-12-29T12:01:15+00:00,"Bagagerie: sacs, valises, cartables",Paris Austerlitz,"Sac de voyage, sac de sport, sac à bandoulière",Objet trouvé,2020-12-29T11:57:38+00:00
objets-trouves-restitution,61ed39307d7ebb7a0cdc12536780924ccd22f375,2023-04-06T09:01:33.082Z,0087547000,2021-01-12T11:45:25+00:00,"Bagagerie: sacs, valises, cartables",Paris Austerlitz,Sac à main,Objet trouvé,2020-12-26T17:41:40+00:00
objets-trouves-restitution,495ceb85f5033aab2606ada38f2ecd86cadb30c2,2023-04-06T09:01:33.082Z,0087547000,2020-12-26T15:55:55+00:00,"Porte-monnaie / portefeuille, argent, titres",Paris Austerlitz,"Porte-monnaie, portefeuille",Objet trouvé,2020-12-26T15:50:11+00:00
objets-trouves-restitution,cc84b906c0ee77aa0b08bff7a1328ce665a2a924,2023-04-06T09:01:33.082Z,0087547000,2020-12-22T15:55:21+00:00,"Porte-monnaie / portefeuille, argent, titres",Paris Austerlitz,"Porte-monnaie, portefeuille",Objet trouvé,2020-12-22T12:53:26+00:00
objets-trouves-restitution,f1c585594cebc36a428ed87bc14957be5840df96,2023-04-06T09:01:33.082Z,0087547000,2020-12-29T12:16:43+00:00,"Porte-monnaie / portefeuille, argent, titres",Paris Austerlitz,"Porte-monnaie, portefeuille",Objet trouvé,2020-12-17T16:36:28+00:00
objets-trouves-restitution,3e3dc6d90c19ae99363e19ce70b7a4deb7d8ebfa,2023-04-06T09:01:33.082Z,0087547000,2020-12-19T15:33:30+00:00,"Bagagerie: sacs, valises, cartables",Paris Austerlitz,"Sac de voyage, sac de sport, sac à bandoulière",Objet trouvé,2020-12-17T16:02:13+00:00
objets-trouves-restitution,1f341ae362e3c3287a1b0ce7b08c1bab1ca34e90,2023-04-06T09:01:33.082Z,0087547000,2020-12-16T18:01:34+00:00,"Bagagerie: sacs, valises, cartables",Paris Austerlitz,"Valise, sac sur roulettes",Objet trouvé,2020-12-16T17:58:16+00:00
objets-trouves-restitution,d484d3e89b89ab2b296dcddd4cab426dd7acccac,2023-04-06T09:01:33.082Z,0087547000,2020-12-22T11:57:08+00:00,"Bagagerie: sacs, valises, cartables",Paris Austerlitz,"Sacoche ventrale, banane",Objet trouvé,2020-12-16T12:43:57+00:00
objets-trouves-restitution,cb473383afc025034c426c89c24618175d17cf95,2023-04-06T09:01:33.082Z,0087547000,2020-12-15T17:32:03+00:00,"Bagagerie: sacs, valises, cartables",Paris Austerlitz,"Sacoche pour ordinateur, photo, vidéo",Objet trouvé,2020-12-15T17:27:19+00:00
objets-trouves-restitution,38c78d0787d2431f679d13f9cc50bb0b77c232a7,2023-04-06T09:01:33.082Z,0087547000,,"Bagagerie: sacs, valises, cartables",Paris Austerlitz,Sac à dos,Objet trouvé,2020-12-05T16:43:50+00:00
objets-trouves-restitution,e15d4855e386f12dec2e9892ce721225cab2d781,2023-04-06T09:01:33.082Z,0087547000,2020-12-03T15:37:47+00:00,"Bagagerie: sacs, valises, cartables",Paris Austerlitz,"Attaché-case, serviette",Objet trouvé,2020-11-28T18:51:34+00:00
objets-trouves-restitution,42b8e0f8b72e4383f538f52e174232e805aabc0c,2023-04-06T09:01:33.082Z,0087547000,2020-12-03T15:29:52+00:00,"Bagagerie: sacs, valises, cartables",Paris Austerlitz,Sac à dos,Objet trouvé,2020-11-28T18:19:45+00:00
objets-trouves-restitution,cfefbc9fff8496c3beca3233cb274eece8dbc199,2023-04-06T09:01:33.082Z,0087547000,2020-11-28T17:56:28+00:00,"Bagagerie: sacs, valises, cartables",Paris Austerlitz,Sac à main,Objet trouvé,2020-11-26T18:21:28+00:00
objets-trouves-restitution,130966bc366c1750516f614f05b8f298fce93926,2023-04-06T09:01:33.082Z,0087547000,2021-01-05T15:06:45+00:00,"Porte-monnaie / portefeuille, argent, titres",Paris Austerlitz,"Porte-monnaie, portefeuille",Objet trouvé,2020-11-26T17:59:12+00:00
objets-trouves-restitution,32ff8feac7074e34d4ad960d517d075ef09558d3,2023-04-06T09:01:33.082Z,0087547000,2020-12-29T11:54:37+00:00,"Porte-monnaie / portefeuille, argent, titres",Paris Austerlitz,"Porte-monnaie, portefeuille",Objet trouvé,2020-11-26T15:55:36+00:00
objets-trouves-restitution,4f4c79fe2a6bfc11bc9f04fc01509926df520c0c,2023-04-06T09:01:33.082Z,0087547000,,"Porte-monnaie / portefeuille, argent, titres",Paris Austerlitz,"Porte-monnaie, portefeuille",Objet trouvé,2020-11-26T15:13:05+00:00
objets-trouves-restitution,f4f2b1356fe24be03b97f3e21642a59caa7cae29,2023-04-06T09:01:33.082Z,0087547000,2020-11-26T14:43:27+00:00,Pièces d'identités et papiers personnels,Paris Austerlitz,Pièce d'identité personnelle et autre,Objet trouvé,2020-11-26T14:39:18+00:00
objets-trouves-restitution,c3f0e1385e85f4f159fac3b535ecc7c370a50e9f,2023-04-06T09:01:33.082Z,0087547000,2020-11-26T14:34:47+00:00,"Bagagerie: sacs, valises, cartables",Paris Austerlitz,Sac à main,Objet trouvé,2020-11-26T14:32:17+00:00
objets-trouves-restitution,174887041de025be4ec8552484ca47fc92a7d23c,2023-04-06T09:01:33.082Z,0087547000,2020-11-26T14:23:48+00:00,"Appareils électroniques, informatiques, appareils photo",Paris Austerlitz,Téléphone portable,Objet trouvé,2020-11-26T14:17:16+00:00
objets-trouves-restitution,9e915f27d2a14c892c11fad37c8e50e947f78091,2023-04-06T09:01:33.082Z,0087547000,2020-11-12T10:18:11+00:00,"Bagagerie: sacs, valises, cartables",Paris Austerlitz,"Sac d'enseigne (plastique, papier, …)",Objet trouvé,2020-11-11T13:13:09+00:00
objets-trouves-restitution,fcd66e497bcdd243b30cc247a4fc561dcab86e17,2023-04-06T09:01:33.082Z,0087547000,2021-01-13T16:52:30+00:00,"Porte-monnaie / portefeuille, argent, titres",Paris Austerlitz,"Porte-monnaie, portefeuille",Objet trouvé,2020-11-04T12:03:43+00:00
objets-trouves-restitution,be288a9c654c6154fa631012f4530f0b61fd5a4f,2023-04-06T09:01:33.082Z,0087547000,2020-11-04T09:18:40+00:00,"Appareils électroniques, informatiques, appareils photo",Paris Austerlitz,"Ordinateur, ordinateur portable, notebook",Objet trouvé,2020-11-04T09:14:58+00:00
objets-trouves-restitution,2917a64bd875a9192b5572d57a0c18ac1047678e,2023-04-06T09:01:33.082Z,0087547000,2020-11-03T10:06:37+00:00,"Bagagerie: sacs, valises, cartables",Paris Austerlitz,"Valise, sac sur roulettes",Objet trouvé,2020-11-03T10:02:00+00:00
objets-trouves-restitution,fb2a3f631abbb4643e99e363fc6592117a04ca6d,2023-04-06T09:01:33.082Z,0087547000,2020-10-31T14:15:15+00:00,"Bagagerie: sacs, valises, cartables",Paris Austerlitz,Sac à dos,Objet trouvé,2020-10-31T14:11:44+00:00
objets-trouves-restitution,a7e9e2e8a21e2e6e6d6381f66616342f05c13e85,2023-04-06T09:01:33.082Z,0087547000,2020-10-31T17:38:44+00:00,"Porte-monnaie / portefeuille, argent, titres",Paris Austerlitz,"Porte-monnaie, portefeuille",Objet trouvé,2020-10-29T14:39:09+00:00
objets-trouves-restitution,a62ceaa75b61f9f1b3840a42de6ecc56e50e3024,2023-04-06T09:01:33.082Z,0087547000,2020-10-28T15:41:39+00:00,"Appareils électroniques, informatiques, appareils photo",Paris Austerlitz,"Ordinateur, ordinateur portable, notebook",Objet trouvé,2020-10-28T13:07:44+00:00
objets-trouves-restitution,3ae0fdc69ec4dc81d1765db524e10dc47374eaa5,2023-04-06T09:01:33.082Z,0087547000,2020-10-27T14:00:34+00:00,"Bagagerie: sacs, valises, cartables",Paris Austerlitz,Sac à dos,Objet trouvé,2020-10-27T13:57:26+00:00
objets-trouves-restitution,7e0c6e93045e3b4521c98852c8d666e8a2adb689,2023-04-06T09:01:33.082Z,0087547000,2020-10-27T11:27:39+00:00,"Bagagerie: sacs, valises, cartables",Paris Austerlitz,Sac à dos,Objet trouvé,2020-10-27T11:21:34+00:00
objets-trouves-restitution,51177fe55f723a4f754de9e4c53937d5ac9d1ba8,2023-04-06T09:01:33.082Z,0087547000,,"Appareils électroniques, informatiques, appareils photo",Paris Austerlitz,Téléphone portable,Objet trouvé,2020-10-27T11:09:07+00:00
objets-trouves-restitution,158ade32379c98fd1f3b9b21006d96d77eec84c0,2023-04-06T09:01:33.082Z,0087547000,2020-10-28T11:44:12+00:00,"Appareils électroniques, informatiques, appareils photo",Paris Austerlitz,Téléphone portable,Objet trouvé,2020-10-27T09:35:16+00:00
objets-trouves-restitution,b16fc0da7ede5b36d43e8de6b3b052674ec951db,2023-04-06T09:01:33.082Z,0087547000,2020-10-27T09:25:06+00:00,"Bagagerie: sacs, valises, cartables",Paris Austerlitz,"Sacoche pour ordinateur, photo, vidéo",Objet trouvé,2020-10-27T09:17:34+00:00
objets-trouves-restitution,a25b4306e22a8f08a3baf8c5a4934d3d5d8883b6,2023-04-06T09:01:33.082Z,0087547000,2020-10-27T08:36:33+00:00,"Bagagerie: sacs, valises, cartables",Paris Austerlitz,Sac à dos,Objet trouvé,2020-10-27T08:33:29+00:00
objets-trouves-restitution,8d1a37578af3b78097cbf156e83c9039cb160fb5,2023-04-06T09:01:33.082Z,0087547000,2020-10-27T08:31:43+00:00,"Bagagerie: sacs, valises, cartables",Paris Austerlitz,Sac à main,Objet trouvé,2020-10-27T08:27:29+00:00
objets-trouves-restitution,534ff61f51023cac29ea2eb963e5de36381469b7,2023-04-06T09:01:33.082Z,0087547000,,"Bagagerie: sacs, valises, cartables",Paris Austerlitz,Sac à dos,Objet trouvé,2020-10-26T11:20:58+00:00
objets-trouves-restitution,db1973992fa6b76c9072d84af1f68278f6dadaa0,2023-04-06T09:01:33.082Z,0087547000,2020-10-26T10:12:19+00:00,"Bagagerie: sacs, valises, cartables",Paris Austerlitz,"Sacoche ventrale, banane",Objet trouvé,2020-10-26T10:06:56+00:00
objets-trouves-restitution,58ae0c61df074725614bfce792ba0af25e24f0e2,2023-04-06T09:01:33.082Z,0087547000,2020-10-24T14:17:42+00:00,Pièces d'identités et papiers personnels,Paris Austerlitz,"Carte d'identité, passeport, permis de conduire",Objet trouvé,2020-10-23T12:56:32+00:00
objets-trouves-restitution,d852a36b1b0ed7bbefd2b1d8843a301dd40f14c0,2023-04-06T09:01:33.082Z,0087547000,2020-10-23T12:01:16+00:00,"Bagagerie: sacs, valises, cartables",Paris Austerlitz,Sac à dos,Objet trouvé,2020-10-23T11:57:58+00:00
objets-trouves-restitution,78bde6a45fba644d2d6a3abae2d53ab83b0be607,2023-04-06T09:01:33.082Z,0087547000,2020-10-22T15:43:09+00:00,"Bagagerie: sacs, valises, cartables",Paris Austerlitz,Sac à main,Objet trouvé,2020-10-22T15:36:18+00:00
objets-trouves-restitution,bd2527b3fe43a79ee786bdfd38cebaf521346b78,2023-04-06T09:01:33.082Z,0087547000,2020-10-31T13:46:45+00:00,"Porte-monnaie / portefeuille, argent, titres",Paris Austerlitz,"Porte-monnaie, portefeuille",Objet trouvé,2020-10-22T15:26:51+00:00
objets-trouves-restitution,65ca1f0928b26b0ff7f10dc5c13db55669225950,2023-04-06T09:01:33.082Z,0087547000,,"Bagagerie: sacs, valises, cartables",Paris Austerlitz,Sac à main,Objet trouvé,2020-10-22T13:21:04+00:00
objets-trouves-restitution,1cd81b4e97f04c7f6edf0c96c3d9d90186430b29,2023-04-06T09:01:33.082Z,0087547000,,"Appareils électroniques, informatiques, appareils photo",Paris Austerlitz,"Ordinateur, ordinateur portable, notebook",Objet trouvé,2020-10-22T12:28:45+00:00
objets-trouves-restitution,036a52b1e3f39bbd68a57f2de55fbd919f3879b1,2023-04-06T09:01:33.082Z,0087547000,2020-10-22T11:56:11+00:00,"Appareils électroniques, informatiques, appareils photo",Paris Austerlitz,Téléphone portable,Objet trouvé,2020-10-22T11:52:17+00:00
objets-trouves-restitution,84d40deb867a5af6c8b897a422de3838a7b5c1f5,2023-04-06T09:01:33.082Z,0087547000,2023-02-07T18:28:10+00:00,"Bagagerie: sacs, valises, cartables",Paris Austerlitz,"Sac de voyage, sac de sport, sac à bandoulière",Objet trouvé,2020-10-21T15:06:34+00:00
objets-trouves-restitution,514e754340c7cd694f6a30ba1935df3dffee95af,2023-04-06T09:01:33.082Z,0087547000,2020-10-21T13:55:52+00:00,"Bagagerie: sacs, valises, cartables",Paris Austerlitz,Sac à main,Objet trouvé,2020-10-21T13:52:37+00:00
objets-trouves-restitution,7ec5a1eec4fd6309caa31dbce190e0b57eff0566,2023-04-06T09:01:33.082Z,0087547000,2020-10-22T10:48:58+00:00,"Bagagerie: sacs, valises, cartables",Paris Austerlitz,Sac à dos,Objet trouvé,2020-10-21T13:44:59+00:00
objets-trouves-restitution,7f7f5578611d9bc4ae6e869f8d39fc58e7a6e275,2023-04-06T09:01:33.082Z,0087547000,2020-10-21T09:15:42+00:00,"Appareils électroniques, informatiques, appareils photo",Paris Austerlitz,"Ordinateur, ordinateur portable, notebook",Objet trouvé,2020-10-21T09:13:31+00:00
objets-trouves-restitution,d8a748e3a15f20030d8813f5269184e3da4c8711,2023-04-06T09:01:33.082Z,0087547000,2020-10-21T09:11:37+00:00,"Vélos, trottinettes, accessoires 2 roues",Paris Austerlitz,Accessoires 2 roues,Objet trouvé,2020-10-21T09:09:38+00:00
objets-trouves-restitution,4e5c0cc2882cc75b9e5bd784f6a200cf4229222b,2023-04-06T09:01:33.082Z,0087547000,2020-10-20T15:35:41+00:00,"Porte-monnaie / portefeuille, argent, titres",Paris Austerlitz,"Porte-monnaie, portefeuille",Objet trouvé,2020-10-20T15:34:03+00:00
objets-trouves-restitution,15383ecb0a42c748c55c21c68f80bef079d5bfd1,2023-04-06T09:01:33.082Z,0087547000,2020-10-20T13:36:26+00:00,"Bagagerie: sacs, valises, cartables",Paris Austerlitz,"Sacoche ventrale, banane",Objet trouvé,2020-10-20T09:01:12+00:00
objets-trouves-restitution,5ef5a788c0caf7611989c12685c2e23a3d7b4241,2023-04-06T09:01:33.082Z,0087547000,,"Porte-monnaie / portefeuille, argent, titres",Paris Austerlitz,"Porte-monnaie, portefeuille",Objet trouvé,2020-10-19T10:17:36+00:00
objets-trouves-restitution,83743471151d2eb9939d0dde27ca1aee58267c8a,2023-04-06T09:01:33.082Z,0087547000,2020-10-19T07:45:27+00:00,"Bagagerie: sacs, valises, cartables",Paris Austerlitz,"Sacoche ventrale, banane",Objet trouvé,2020-10-19T07:42:24+00:00
objets-trouves-restitution,c4d7e9d8995185f8a00dd39f41e682141b6063f5,2023-04-06T09:01:33.082Z,0087547000,2020-10-20T11:21:34+00:00,"Porte-monnaie / portefeuille, argent, titres",Paris Austerlitz,"Porte-monnaie, portefeuille",Objet trouvé,2020-10-17T10:00:03+00:00
objets-trouves-restitution,ccf41ac2d1dd5c0eed44dfc79ec91d755a43329d,2023-04-06T09:01:33.082Z,0087547000,2020-10-28T10:21:13+00:00,"Porte-monnaie / portefeuille, argent, titres",Paris Austerlitz,"Porte-monnaie, portefeuille",Objet trouvé,2020-10-17T09:46:55+00:00
objets-trouves-restitution,cbe5b86cb40aeb70ec1c66799834483841f2f896,2023-04-06T09:01:33.082Z,0087547000,2020-10-24T14:38:14+00:00,"Porte-monnaie / portefeuille, argent, titres",Paris Austerlitz,"Porte-monnaie, portefeuille",Objet trouvé,2020-10-17T09:36:18+00:00
objets-trouves-restitution,823b7659d3d27e9d8162aa0404a372fe2882b32a,2023-04-06T09:01:33.082Z,0087547000,,"Appareils électroniques, informatiques, appareils photo",Paris Austerlitz,Téléphone portable,Objet trouvé,2020-10-17T09:19:25+00:00
objets-trouves-restitution,4511989b3f3b4416269bc96f9a67c3128ba54a4c,2023-04-06T09:01:33.082Z,0087547000,2020-10-16T12:47:00+00:00,"Appareils électroniques, informatiques, appareils photo",Paris Austerlitz,Téléphone portable,Objet trouvé,2020-10-16T09:14:45+00:00
objets-trouves-restitution,2100e77dab1341bda9b179a98ea4c744159d0d1e,2023-04-06T09:01:33.082Z,0087547000,2020-10-22T10:42:26+00:00,"Appareils électroniques, informatiques, appareils photo",Paris Austerlitz,Téléphone portable,Objet trouvé,2020-10-16T09:09:20+00:00
objets-trouves-restitution,890300aa53f5ffc5c18494fa5a35d38b5b83563c,2023-04-06T09:01:33.082Z,0087547000,2020-10-16T08:57:08+00:00,Pièces d'identités et papiers personnels,Paris Austerlitz,Pièce d'identité personnelle et autre,Objet trouvé,2020-10-16T08:47:22+00:00
objets-trouves-restitution,fe2e1ec9b6f1201f28bbddd6179f550187bfad56,2023-04-06T09:01:33.082Z,0087547000,2020-10-16T08:46:01+00:00,"Bagagerie: sacs, valises, cartables",Paris Austerlitz,Sac à dos,Objet trouvé,2020-10-15T17:30:15+00:00
objets-trouves-restitution,4760534fbc9857db9698c88bc6b6525e401bc664,2023-04-06T09:01:33.082Z,0087547000,2020-10-15T14:18:53+00:00,"Porte-monnaie / portefeuille, argent, titres",Paris Austerlitz,"Porte-monnaie, portefeuille",Objet trouvé,2020-10-15T14:13:17+00:00
objets-trouves-restitution,c616e851c853f2445c37eb0bcf84ec03eb255e3c,2023-04-06T09:01:33.082Z,0087547000,2020-10-15T14:09:41+00:00,"Porte-monnaie / portefeuille, argent, titres",Paris Austerlitz,"Porte-monnaie, portefeuille",Objet trouvé,2020-10-15T14:05:33+00:00
objets-trouves-restitution,1a58720cf2c2ad347d34073ead469fde1e0b217d,2023-04-06T09:01:33.082Z,0087547000,2020-10-15T13:38:31+00:00,"Porte-monnaie / portefeuille, argent, titres",Paris Austerlitz,"Porte-monnaie, portefeuille",Objet trouvé,2020-10-15T13:36:13+00:00
objets-trouves-restitution,5b884cdc947b01408568ed46a772a7f996c22ce7,2023-04-06T09:01:33.082Z,0087547000,2020-10-17T09:17:38+00:00,"Porte-monnaie / portefeuille, argent, titres",Paris Austerlitz,"Porte-monnaie, portefeuille",Objet trouvé,2020-10-15T11:23:12+00:00
objets-trouves-restitution,39fa4a1536cb2c4452e8cb17660c73d46f0d47a9,2023-04-06T09:01:33.082Z,0087547000,2020-10-20T12:38:43+00:00,Pièces d'identités et papiers personnels,Paris Austerlitz,"Carte d'identité, passeport, permis de conduire",Objet trouvé,2020-10-15T11:01:17+00:00
objets-trouves-restitution,b0ba0a3a7ece5edd5cc63e77469ef19b029b62f3,2023-04-06T09:01:33.082Z,0087547000,2020-10-15T10:43:34+00:00,Pièces d'identités et papiers personnels,Paris Austerlitz,Pièce d'identité personnelle et autre,Objet trouvé,2020-10-15T10:40:57+00:00
objets-trouves-restitution,dea9fdc06b6a820818bc16ff5dce4934e675af3f,2023-04-06T09:01:33.082Z,0087547000,2020-10-14T12:28:08+00:00,Pièces d'identités et papiers personnels,Paris Austerlitz,"Carte d'identité, passeport, permis de conduire",Objet trouvé,2020-10-14T09:24:28+00:00
objets-trouves-restitution,b39dbc648fe544b9ced800482d16ccb56d5979df,2023-04-06T09:01:33.082Z,0087547000,2020-10-15T12:22:06+00:00,"Porte-monnaie / portefeuille, argent, titres",Paris Austerlitz,"Porte-monnaie, portefeuille",Objet trouvé,2020-10-13T14:12:25+00:00
objets-trouves-restitution,175b8dae7b2b621a6df0fbe26d93f096ce26acba,2023-04-06T09:01:33.082Z,0087547000,2020-10-14T14:05:36+00:00,Pièces d'identités et papiers personnels,Paris Austerlitz,"Carte d'identité, passeport, permis de conduire",Objet trouvé,2020-10-13T12:04:14+00:00
objets-trouves-restitution,1cf34d9aa3b2d62e694d9ff95b62503368f2c7f9,2023-04-06T09:01:33.082Z,0087547000,2020-10-14T08:10:42+00:00,Pièces d'identités et papiers personnels,Paris Austerlitz,"Carte d'identité, passeport, permis de conduire",Objet trouvé,2020-10-13T10:50:55+00:00
objets-trouves-restitution,98bf8d3ef8590184f6b6f4c242471be76ba5ca23,2023-04-06T09:01:33.082Z,0087547000,2020-10-07T10:55:44+00:00,"Bagagerie: sacs, valises, cartables",Paris Austerlitz,"Valise, sac sur roulettes",Objet trouvé,2020-10-07T10:45:35+00:00
objets-trouves-restitution,98529b0bb182aeec5efb41b3bc89ac902ef9ef84,2023-04-06T09:01:33.082Z,0087547000,2020-10-06T18:06:20+00:00,"Vêtements, chaussures",Paris Austerlitz,Autres vêtements,Objet trouvé,2020-10-06T17:53:04+00:00
objets-trouves-restitution,a18346826bcfc5ae814ffdc0cd0a8c630e715e0f,2023-04-06T09:01:33.082Z,0087547000,2023-02-07T18:28:01+00:00,"Porte-monnaie / portefeuille, argent, titres",Paris Austerlitz,"Porte-monnaie, portefeuille",Objet trouvé,2020-10-06T14:56:38+00:00
objets-trouves-restitution,1385bd48f0ee6b6ddb160b3cdd8daf7adbd4034f,2023-04-06T09:01:33.082Z,0087547000,2020-10-06T17:35:47+00:00,"Porte-monnaie / portefeuille, argent, titres",Paris Austerlitz,"Porte-monnaie, portefeuille",Objet trouvé,2020-10-06T14:19:51+00:00
objets-trouves-restitution,48a4afa468f531912a7f99763f54e2329974798c,2023-04-06T09:01:33.082Z,0087547000,2020-10-06T10:55:34+00:00,"Appareils électroniques, informatiques, appareils photo",Paris Austerlitz,Téléphone portable,Objet trouvé,2020-10-06T09:18:21+00:00
objets-trouves-restitution,ac22184cf516b095520f252c423a97eee7dcfd30,2023-04-06T09:01:33.082Z,0087547000,2020-10-05T18:10:06+00:00,"Bagagerie: sacs, valises, cartables",Paris Austerlitz,"Sacoche ventrale, banane",Objet trouvé,2020-10-05T17:58:47+00:00
objets-trouves-restitution,7cb53181ec0600161d89fb68097ff0d6518719b2,2023-04-06T09:01:33.082Z,0087547000,,"Bagagerie: sacs, valises, cartables",Paris Austerlitz,"Valise, sac sur roulettes",Objet trouvé,2020-10-05T12:29:29+00:00
objets-trouves-restitution,ec12e1ae2f79235958c4f6eda18f9c44c67454b3,2023-04-06T09:01:33.082Z,0087547000,,"Porte-monnaie / portefeuille, argent, titres",Paris Austerlitz,Carte de crédit,Objet trouvé,2020-09-30T15:53:42+00:00
objets-trouves-restitution,c6a9c68265fa4a2277eb3ffd40198b034c42002e,2023-04-06T09:01:33.082Z,0087547000,2020-09-30T14:48:16+00:00,"Bagagerie: sacs, valises, cartables",Paris Austerlitz,Sac à dos,Objet trouvé,2020-09-30T14:45:41+00:00
objets-trouves-restitution,9dc9cef6cbf1b563da429180bd4adcea6c828add,2023-04-06T09:01:33.082Z,0087547000,2020-10-05T17:07:43+00:00,"Appareils électroniques, informatiques, appareils photo",Paris Austerlitz,"Téléviseur, magnétoscope, lecteur DVD, radio",Objet trouvé,2020-09-30T11:20:48+00:00
objets-trouves-restitution,dfb44e9a2e3dd11d1ca85c1f1fdc0a2d9a2a1f62,2023-04-06T09:01:33.082Z,0087547000,2020-10-01T08:57:30+00:00,"Porte-monnaie / portefeuille, argent, titres",Paris Austerlitz,"Porte-monnaie, portefeuille",Objet trouvé,2020-09-30T11:17:30+00:00
objets-trouves-restitution,cb77c5eba3c36d02d84cb887ebc89c6f1ee0f573,2023-04-06T09:01:33.082Z,0087547000,,"Porte-monnaie / portefeuille, argent, titres",Paris Austerlitz,"Porte-monnaie, portefeuille",Objet trouvé,2020-09-30T11:08:13+00:00
objets-trouves-restitution,d02499c25d40a1ec7e5ce896c6fe5adff492d8fb,2023-04-06T09:01:33.082Z,0087547000,2020-10-01T09:02:44+00:00,"Porte-monnaie / portefeuille, argent, titres",Paris Austerlitz,"Porte-monnaie, portefeuille",Objet trouvé,2020-09-29T13:08:33+00:00
objets-trouves-restitution,53b3f45e12d6037bc102894a63ee106c1c1ddf39,2023-04-06T09:01:33.082Z,0087547000,,Pièces d'identités et papiers personnels,Paris Austerlitz,"Carte d'identité, passeport, permis de conduire",Objet trouvé,2020-09-29T13:04:55+00:00
objets-trouves-restitution,c12239dbbacdc51f5d52d55a6ff2a2975dc8dc23,2023-04-06T09:01:33.082Z,0087547000,,"Porte-monnaie / portefeuille, argent, titres",Paris Austerlitz,"Porte-monnaie, portefeuille",Objet trouvé,2020-09-29T12:43:14+00:00
objets-trouves-restitution,131ae5c3cbe70989c6c2fd1c0ac80b325da49e21,2023-04-06T09:01:33.082Z,0087547000,2020-09-28T11:12:29+00:00,"Bagagerie: sacs, valises, cartables",Paris Austerlitz,Sac à dos,Objet trouvé,2020-09-28T11:09:31+00:00
objets-trouves-restitution,7887d682038308ec7c261f3a10db04e30a35b255,2023-04-06T09:01:33.082Z,0087547000,2020-09-29T11:31:38+00:00,"Porte-monnaie / portefeuille, argent, titres",Paris Austerlitz,"Porte-monnaie, portefeuille",Objet trouvé,2020-09-26T13:59:01+00:00
objets-trouves-restitution,8da1488fc70cc1d76bece1334a4c006e5b5d24c9,2023-04-06T09:01:33.082Z,0087547000,2020-09-29T09:31:13+00:00,"Bagagerie: sacs, valises, cartables",Paris Austerlitz,Sac à dos,Objet trouvé,2020-09-24T12:08:01+00:00
objets-trouves-restitution,850362da6468dde27a83d25933d1b6b0628dffee,2023-04-06T09:01:33.082Z,0087547000,2020-09-28T08:41:55+00:00,"Porte-monnaie / portefeuille, argent, titres",Paris Austerlitz,"Porte-monnaie, portefeuille",Objet trouvé,2020-09-24T11:37:51+00:00
objets-trouves-restitution,720a7b2591b7cdab41c1ef05e2316d140a3c235f,2023-04-06T09:01:33.082Z,0087547000,2020-09-23T15:34:23+00:00,"Appareils électroniques, informatiques, appareils photo",Paris Austerlitz,Téléphone portable,Objet trouvé,2020-09-22T13:05:18+00:00
objets-trouves-restitution,3eeb600275b6935150c833f793da2201cbd140a9,2023-04-06T09:01:33.082Z,0087547000,2020-09-29T11:51:48+00:00,Divers,Paris Austerlitz,Autres divers,Objet trouvé,2020-09-22T12:58:38+00:00
objets-trouves-restitution,967e8baf622087794b73225607d055ca63d5367e,2023-04-06T09:01:33.082Z,0087547000,2020-09-21T10:52:11+00:00,"Appareils électroniques, informatiques, appareils photo",Paris Austerlitz,Autres appareils et accessoires électroniques,Objet trouvé,2020-09-21T10:48:17+00:00
objets-trouves-restitution,7cfad0cbc1d7f0baa1646614dcf53fe762556b84,2023-04-06T09:01:33.082Z,0087547000,2020-09-21T08:02:45+00:00,Pièces d'identités et papiers personnels,Paris Austerlitz,"Diplôme, papiers personnels",Objet trouvé,2020-09-21T07:54:28+00:00
objets-trouves-restitution,d5d3faaa0af89cb17fea42d72808d5725e95a81c,2023-04-06T09:01:33.082Z,0087547000,2020-09-21T10:39:44+00:00,"Porte-monnaie / portefeuille, argent, titres",Paris Austerlitz,"Porte-monnaie, portefeuille",Objet trouvé,2020-09-18T10:52:52+00:00
objets-trouves-restitution,2d85b4bc7113d70cbf58e7b1345517b911e32a82,2023-04-06T09:01:33.082Z,0087547000,,"Bagagerie: sacs, valises, cartables",Paris Austerlitz,Sac à dos,Objet trouvé,2020-09-17T09:08:29+00:00
objets-trouves-restitution,6d12129d15de6a0cfccc5f736546bedfe851a92d,2023-04-06T09:01:33.082Z,0087547000,2020-10-01T09:08:15+00:00,"Porte-monnaie / portefeuille, argent, titres",Paris Austerlitz,"Porte-monnaie, portefeuille",Objet trouvé,2020-09-17T08:47:53+00:00
objets-trouves-restitution,098b725b4919b6e230f3b49fde41f66ff8968bf4,2023-04-06T09:01:33.082Z,0087547000,2020-09-16T08:10:35+00:00,"Porte-monnaie / portefeuille, argent, titres",Paris Austerlitz,"Porte-monnaie, portefeuille",Objet trouvé,2020-09-16T08:08:23+00:00
objets-trouves-restitution,f00c10438c7701efec1f02aa48c2d39020ae418e,2023-04-06T09:01:33.082Z,0087547000,,"Appareils électroniques, informatiques, appareils photo",Paris Austerlitz,"Ordinateur, ordinateur portable, notebook",Objet trouvé,2020-09-11T09:43:12+00:00
objets-trouves-restitution,43835bfbc928235d2534ac41ea749e673fac7e67,2023-04-06T09:01:33.082Z,0087547000,2020-09-12T12:22:53+00:00,"Porte-monnaie / portefeuille, argent, titres",Paris Austerlitz,"Porte-monnaie, portefeuille",Objet trouvé,2020-09-11T09:32:18+00:00
objets-trouves-restitution,b5b35d9551e4c72fe73eb2f3dadf36a35f147c66,2023-04-06T09:01:33.082Z,0087547000,,"Porte-monnaie / portefeuille, argent, titres",Paris Austerlitz,"Porte-monnaie, portefeuille",Objet trouvé,2020-09-11T09:09:09+00:00
objets-trouves-restitution,841c806a6f28e35f9153f0e68d10bb607173a8c1,2023-04-06T09:01:33.082Z,0087547000,2020-09-29T11:40:03+00:00,"Bagagerie: sacs, valises, cartables",Paris Austerlitz,"Sac de voyage, sac de sport, sac à bandoulière",Objet trouvé,2020-09-11T08:59:07+00:00
objets-trouves-restitution,370e475b997e0b79a6cceb194634ceded96e3e67,2023-04-06T09:01:33.082Z,0087547000,2020-09-10T13:04:50+00:00,Optique,Paris Austerlitz,Autre optique,Objet trouvé,2020-09-10T12:59:17+00:00
objets-trouves-restitution,97ae39782f222a20dd3c6ca4a236021f104b6cd0,2023-04-06T09:01:33.082Z,0087547000,2020-09-03T12:02:28+00:00,"Porte-monnaie / portefeuille, argent, titres",Paris Austerlitz,"Porte-monnaie, portefeuille",Objet trouvé,2020-09-03T11:55:32+00:00
objets-trouves-restitution,7da26e99b4de8e4c49ab675458d56af146cf4648,2023-04-06T09:01:33.082Z,0087547000,2020-12-03T15:34:24+00:00,"Articles de sport, loisirs, camping",Paris Austerlitz,"Raquette de tennis, de badminton",Objet trouvé,2020-09-01T08:56:36+00:00
objets-trouves-restitution,e207ecd083e3a8862456c403d455c87c8f5a48bb,2023-04-06T09:01:33.082Z,0087547000,2020-09-01T11:18:03+00:00,"Bagagerie: sacs, valises, cartables",Paris Austerlitz,Sac à dos,Objet trouvé,2020-09-01T08:33:46+00:00
objets-trouves-restitution,eb5c6b2026910a74df77a56c1f7afaf35a6b1e9c,2023-04-06T09:01:33.082Z,0087547000,,"Porte-monnaie / portefeuille, argent, titres",Paris Austerlitz,"Porte-monnaie, portefeuille",Objet trouvé,2020-08-31T08:37:28+00:00
objets-trouves-restitution,e4841e207cb34904d53e9070e06f0422e67fa6ec,2023-04-06T09:01:33.082Z,0087547000,2020-09-01T12:35:14+00:00,"Bagagerie: sacs, valises, cartables",Paris Austerlitz,"Sacoche ventrale, banane",Objet trouvé,2020-08-31T08:14:15+00:00
objets-trouves-restitution,12c3e07f971cbd0f279713e90dc73195f0bd86f3,2023-04-06T09:01:33.082Z,0087547000,2020-08-31T07:55:10+00:00,"Bagagerie: sacs, valises, cartables",Paris Austerlitz,Sac à main,Objet trouvé,2020-08-31T07:52:10+00:00
objets-trouves-restitution,9d0ba9a64cae30c0135b590277151ac44f3b7b24,2023-04-06T09:01:33.082Z,0087547000,2020-09-02T10:36:55+00:00,Pièces d'identités et papiers personnels,Paris Austerlitz,Pièce d'identité personnelle et autre,Objet trouvé,2020-08-28T13:26:37+00:00
objets-trouves-restitution,a1cdc1058f0acdef9128fe5518e6dba5cb16d3f7,2023-04-06T09:01:33.082Z,0087547000,2020-08-28T13:24:06+00:00,"Porte-monnaie / portefeuille, argent, titres",Paris Austerlitz,"Porte-monnaie, portefeuille",Objet trouvé,2020-08-28T13:19:39+00:00
objets-trouves-restitution,fda6bb075399d92c58826f30fcd223d848a612ad,2023-04-06T09:01:33.082Z,0087547000,2020-08-27T12:44:25+00:00,"Bagagerie: sacs, valises, cartables",Paris Austerlitz,"Sacoche ventrale, banane",Objet trouvé,2020-08-27T12:40:19+00:00
objets-trouves-restitution,6e4169b730c2430bf90d99ef9d5bee7b66156f2c,2023-04-06T09:01:33.082Z,0087547000,,"Porte-monnaie / portefeuille, argent, titres",Paris Austerlitz,"Porte-monnaie, portefeuille",Objet trouvé,2020-08-27T10:58:19+00:00
objets-trouves-restitution,623e1dac1f3dd837669d8068728c782ce36d89af,2023-04-06T09:01:33.082Z,0087547000,2020-08-27T10:11:22+00:00,"Bagagerie: sacs, valises, cartables",Paris Austerlitz,Sac à dos,Objet trouvé,2020-08-27T10:06:42+00:00
objets-trouves-restitution,e9d1a9f2bc3cd3dc84b4ea9769610e8dcc8ffa84,2023-04-06T09:01:33.082Z,0087547000,2020-08-27T10:00:27+00:00,"Porte-monnaie / portefeuille, argent, titres",Paris Austerlitz,"Porte-monnaie, portefeuille",Objet trouvé,2020-08-27T09:55:05+00:00
objets-trouves-restitution,0b432d8c2f31a5763f698b898cb9ef2a864f3740,2023-04-06T09:01:33.082Z,0087547000,2020-08-27T09:46:32+00:00,"Bagagerie: sacs, valises, cartables",Paris Austerlitz,"Sacoche ventrale, banane",Objet trouvé,2020-08-27T09:42:22+00:00
objets-trouves-restitution,ceeeef9c264f5e855b4b56563707708212693843,2023-04-06T09:01:33.082Z,0087547000,2020-08-26T13:28:03+00:00,Instruments de musique,Paris Austerlitz,Violon,Objet trouvé,2020-08-26T13:25:55+00:00
objets-trouves-restitution,da80f4715d1a0e3a0a39a4e67cbb470f67c225a6,2023-04-06T09:01:33.082Z,0087547000,,"Appareils électroniques, informatiques, appareils photo",Paris Austerlitz,"Appareil audio portable (lecteur de CD, baladeur MP3, iPod, ... )",Objet trouvé,2020-08-26T13:01:17+00:00
objets-trouves-restitution,cf6fd1fefe062f646c664b3daeb6f0ee67d1eebe,2023-04-06T09:01:33.082Z,0087547000,2020-08-26T10:58:10+00:00,"Porte-monnaie / portefeuille, argent, titres",Paris Austerlitz,"Porte-monnaie, portefeuille",Objet trouvé,2020-08-26T10:52:30+00:00
objets-trouves-restitution,4d3698f97985618eefe85348a5982cc7890ba641,2023-04-06T09:01:33.082Z,0087547000,2020-08-27T14:53:14+00:00,"Appareils électroniques, informatiques, appareils photo",Paris Austerlitz,Téléphone portable,Objet trouvé,2020-08-26T10:03:53+00:00
objets-trouves-restitution,acc0da941dab74a844cbb6264e4a56fa98aae8df,2023-04-06T09:01:33.082Z,0087547000,2020-08-21T15:08:38+00:00,"Appareils électroniques, informatiques, appareils photo",Paris Austerlitz,Téléphone portable,Objet trouvé,2020-08-21T11:02:18+00:00
objets-trouves-restitution,01ee467becc8f9fe441a2eb1a826f51549df65b5,2023-04-06T09:01:33.082Z,0087547000,2020-08-26T12:58:08+00:00,"Bagagerie: sacs, valises, cartables",Paris Austerlitz,"Valise, sac sur roulettes",Objet trouvé,2020-08-21T10:36:48+00:00
objets-trouves-restitution,39b6ae7cfcdc21d6782dc702aae4c16a069b60fd,2023-04-06T09:01:33.082Z,0087547000,2020-08-21T10:16:11+00:00,"Bagagerie: sacs, valises, cartables",Paris Austerlitz,Sac à main,Objet trouvé,2020-08-21T10:12:31+00:00
objets-trouves-restitution,cab5cd4e5cb7e653854cc100ea82ecd9fff878b2,2023-04-06T09:01:33.082Z,0087547000,2020-08-21T10:04:20+00:00,Pièces d'identités et papiers personnels,Paris Austerlitz,Pièce d'identité personnelle et autre,Objet trouvé,2020-08-21T10:01:40+00:00
objets-trouves-restitution,9fc5d909f51f4424791c345f94a36b7b08831c9f,2023-04-06T09:01:33.082Z,0087547000,2020-08-26T11:04:15+00:00,"Porte-monnaie / portefeuille, argent, titres",Paris Austerlitz,"Porte-monnaie, portefeuille",Objet trouvé,2020-08-18T09:27:43+00:00
objets-trouves-restitution,c6f1e4ea49cf16981e4a225f0a61cf3cd92a491b,2023-04-06T09:01:33.082Z,0087547000,2020-08-18T08:34:44+00:00,"Porte-monnaie / portefeuille, argent, titres",Paris Austerlitz,"Porte-monnaie, portefeuille",Objet trouvé,2020-08-18T08:25:22+00:00
objets-trouves-restitution,8435c421a97fe053b711cff60a5ddbc20f598260,2023-04-06T09:01:33.082Z,0087547000,2020-08-18T08:10:54+00:00,"Porte-monnaie / portefeuille, argent, titres",Paris Austerlitz,"Porte-monnaie, portefeuille",Objet trouvé,2020-08-18T08:06:42+00:00
objets-trouves-restitution,825400f5240f9d5de9981ef694e15e5958873957,2023-04-06T09:01:33.082Z,0087547000,2020-08-18T07:39:15+00:00,"Bagagerie: sacs, valises, cartables",Paris Austerlitz,"Sac d'enseigne (plastique, papier, …)",Objet trouvé,2020-08-18T07:35:46+00:00
objets-trouves-restitution,005a7cd33e1c8ba6c58cd4bfc8e00bfb55ab1e70,2023-04-06T09:01:33.082Z,0087547000,2020-08-21T10:10:35+00:00,"Bagagerie: sacs, valises, cartables",Paris Austerlitz,"Sacoche ventrale, banane",Objet trouvé,2020-08-17T12:52:13+00:00
objets-trouves-restitution,0f89beb21e0767c15135c16320696c8e0fa7894f,2023-04-06T09:01:33.082Z,0087547000,2020-08-17T12:00:51+00:00,"Bagagerie: sacs, valises, cartables",Paris Austerlitz,Sac à main,Objet trouvé,2020-08-17T11:57:34+00:00
objets-trouves-restitution,5deec062b96d00c04d314f94084124ad4cfd7497,2023-04-06T09:01:33.082Z,0087547000,2020-08-17T11:54:30+00:00,"Bagagerie: sacs, valises, cartables",Paris Austerlitz,Sac à main,Objet trouvé,2020-08-17T11:52:04+00:00
objets-trouves-restitution,064fe06d98c29f9c4969461246712f151e821c9a,2023-04-06T09:01:33.082Z,0087547000,2020-08-12T08:27:16+00:00,Pièces d'identités et papiers personnels,Paris Austerlitz,Autre pièce ou papier personnel,Objet trouvé,2020-08-12T08:22:49+00:00
objets-trouves-restitution,5723c977aea88e1d5d8b82e7bb0d669a4f603509,2023-04-06T09:01:33.082Z,0087547000,2020-08-11T09:39:51+00:00,"Porte-monnaie / portefeuille, argent, titres",Paris Austerlitz,"Porte-monnaie, portefeuille",Objet trouvé,2020-08-11T09:19:07+00:00
objets-trouves-restitution,f2051f7d6640b92d05164b9af6006f6e74666a80,2023-04-06T09:01:33.082Z,0087547000,2020-08-06T10:21:38+00:00,"Bagagerie: sacs, valises, cartables",Paris Austerlitz,"Valise, sac sur roulettes",Objet trouvé,2020-08-06T10:18:41+00:00
objets-trouves-restitution,50b36960bec900993e057092c85f0142acf636f7,2023-04-06T09:01:33.082Z,0087547000,2020-08-27T09:51:52+00:00,"Porte-monnaie / portefeuille, argent, titres",Paris Austerlitz,"Porte-monnaie, portefeuille",Objet trouvé,2020-08-06T07:58:50+00:00
objets-trouves-restitution,0ee3cde7eb4aaced135bfafaa1965863129a20e3,2023-04-06T09:01:33.082Z,0087547000,2020-10-12T16:36:35+00:00,"Bagagerie: sacs, valises, cartables",Paris Austerlitz,"Valise, sac sur roulettes",Objet trouvé,2020-08-06T07:31:10+00:00
objets-trouves-restitution,4a40814d98cf8e85c1abc04330fbf4a7a5909a55,2023-04-06T09:01:33.082Z,0087547000,2020-08-21T10:24:52+00:00,"Bagagerie: sacs, valises, cartables",Paris Austerlitz,"Valise, sac sur roulettes",Objet trouvé,2020-08-06T07:24:44+00:00
objets-trouves-restitution,43686162b4d0aa5172d7566524e632618875091f,2023-04-06T09:01:33.082Z,0087547000,2020-07-31T11:18:20+00:00,"Bagagerie: sacs, valises, cartables",Paris Austerlitz,Sac à dos,Objet trouvé,2020-07-31T11:12:21+00:00
objets-trouves-restitution,b44308d2b05e03b403eb26e17d7fab369a9444d3,2023-04-06T09:01:33.082Z,0087547000,2020-08-03T11:52:54+00:00,"Appareils électroniques, informatiques, appareils photo",Paris Austerlitz,Téléphone portable,Objet trouvé,2020-07-30T14:59:32+00:00
objets-trouves-restitution,1f56ddc5325c481bf7825ed70f1a3ac836f3972e,2023-04-06T09:01:33.082Z,0087547000,2020-07-30T12:45:05+00:00,"Porte-monnaie / portefeuille, argent, titres",Paris Austerlitz,"Porte-monnaie, portefeuille",Objet trouvé,2020-07-30T08:21:01+00:00
objets-trouves-restitution,7c87d1bc94bad1a25555d5574f5a3233ce95857b,2023-04-06T09:01:33.082Z,0087547000,2020-07-29T10:34:49+00:00,"Porte-monnaie / portefeuille, argent, titres",Paris Austerlitz,"Porte-monnaie, portefeuille",Objet trouvé,2020-07-29T10:26:24+00:00
objets-trouves-restitution,3662cf3959850d04290d3bd48fee3bf2d181d31b,2023-04-06T09:01:33.082Z,0087547000,2020-07-29T06:41:18+00:00,"Appareils électroniques, informatiques, appareils photo",Paris Austerlitz,Téléphone portable,Objet trouvé,2020-07-29T06:38:10+00:00
objets-trouves-restitution,be9409a3db1f20b01b1f026b54d7444bb01742f3,2023-04-06T09:01:33.082Z,0087547000,2020-08-26T10:17:34+00:00,Pièces d'identités et papiers personnels,Paris Austerlitz,"Carte d'identité, passeport, permis de conduire",Objet trouvé,2020-07-28T13:27:20+00:00
objets-trouves-restitution,4402ac19c21ee72dce818f8990f245dae1cb3998,2023-04-06T09:01:33.082Z,0087547000,2020-08-06T10:10:54+00:00,"Bagagerie: sacs, valises, cartables",Paris Austerlitz,Sac à dos,Objet trouvé,2020-07-28T09:39:12+00:00
objets-trouves-restitution,85904f88b5ec15baf4b476b10c54465ba511fc35,2023-04-06T09:01:33.082Z,0087547000,2020-08-04T09:29:16+00:00,"Bagagerie: sacs, valises, cartables",Paris Austerlitz,"Sacoche ventrale, banane",Objet trouvé,2020-07-28T09:14:28+00:00
objets-trouves-restitution,0c68b3b76d97465d43709a38a2b717a3a17222a1,2023-04-06T09:01:33.082Z,0087547000,2020-07-29T06:36:11+00:00,"Bagagerie: sacs, valises, cartables",Paris Austerlitz,Sac à dos,Objet trouvé,2020-07-28T08:51:38+00:00
objets-trouves-restitution,65fcc37e9e19b94229f88b5983f85b489f734b1f,2023-04-06T09:01:33.082Z,0087547000,2020-07-28T08:25:08+00:00,"Bagagerie: sacs, valises, cartables",Paris Austerlitz,Sac à dos,Objet trouvé,2020-07-27T12:28:03+00:00
objets-trouves-restitution,efd2ac10109aab26ba77a548826c909006c9286f,2023-04-06T09:01:33.082Z,0087547000,2020-07-27T12:44:42+00:00,"Porte-monnaie / portefeuille, argent, titres",Paris Austerlitz,"Porte-monnaie, portefeuille",Objet trouvé,2020-07-27T09:58:38+00:00
objets-trouves-restitution,18d1af0ed1b89d8bacb6649c50591cbdda5caae6,2023-04-06T09:01:33.082Z,0087547000,2020-07-27T09:46:36+00:00,"Articles de sport, loisirs, camping",Paris Austerlitz,"Sacs de couchage, duvet",Objet trouvé,2020-07-27T09:44:17+00:00
objets-trouves-restitution,2f952a6601682cc3d31968ae5ea3413ea4b3c481,2023-04-06T09:01:33.082Z,0087547000,2020-07-27T06:59:29+00:00,"Bagagerie: sacs, valises, cartables",Paris Austerlitz,"Valise, sac sur roulettes",Objet trouvé,2020-07-27T06:54:40+00:00
objets-trouves-restitution,53644049125149787903859788689a03b8c0290d,2023-04-06T09:01:33.082Z,0087547000,2020-07-24T06:21:50+00:00,"Porte-monnaie / portefeuille, argent, titres",Paris Austerlitz,"Porte-monnaie, portefeuille",Objet trouvé,2020-07-24T06:19:15+00:00
objets-trouves-restitution,fc0797c0b079d0dff2717cf283efe77cfe03a4cf,2023-04-06T09:01:33.082Z,0087547000,,"Bagagerie: sacs, valises, cartables",Paris Austerlitz,Sac à dos,Objet trouvé,2020-07-22T08:39:22+00:00
objets-trouves-restitution,20f73d87236b4e73e2aa24f44f6bc6b7c21ce98e,2023-04-06T09:01:33.082Z,0087547000,,"Bagagerie: sacs, valises, cartables",Paris Austerlitz,"Sacoche ventrale, banane",Objet trouvé,2020-07-22T08:15:11+00:00
objets-trouves-restitution,8f784f54446e92d82e6a833bee0e0a6a120920a0,2023-04-06T09:01:33.082Z,0087547000,2020-08-26T10:23:35+00:00,"Porte-monnaie / portefeuille, argent, titres",Paris Austerlitz,"Porte-monnaie, portefeuille",Objet trouvé,2020-07-22T08:02:25+00:00
objets-trouves-restitution,19e4ac86e2076b1ba988e4c1d25c2ab12cd7768f,2023-04-06T09:01:33.082Z,0087547000,2020-09-01T08:46:42+00:00,Pièces d'identités et papiers personnels,Paris Austerlitz,"Carte d'identité, passeport, permis de conduire",Objet trouvé,2020-07-21T10:03:51+00:00
objets-trouves-restitution,c2939858143a64ee395690027d09594a253436c1,2023-04-06T09:01:33.082Z,0087547000,2020-07-23T06:58:56+00:00,"Bagagerie: sacs, valises, cartables",Paris Austerlitz,"Sacoche ventrale, banane",Objet trouvé,2020-07-21T09:32:23+00:00
objets-trouves-restitution,6e4f23a0073037795f07777be0e2077c5f77b1c0,2023-04-06T09:01:33.082Z,0087547000,2020-09-11T15:01:28+00:00,Divers,Paris Austerlitz,Autres divers,Objet trouvé,2020-07-13T06:30:57+00:00
objets-trouves-restitution,746f9f5b76e1c696f95bcbb0ca2c6f1dd3a8b2d9,2023-04-06T09:01:33.082Z,0087547000,2020-06-26T10:16:54+00:00,"Bagagerie: sacs, valises, cartables",Paris Austerlitz,Sac à dos,Objet trouvé,2020-06-26T10:10:13+00:00
objets-trouves-restitution,c4118d98d9c8fd538c850e8356182243c15d841c,2023-04-06T09:01:33.082Z,0087547000,2020-06-26T14:01:42+00:00,Pièces d'identités et papiers personnels,Paris Austerlitz,Pièce d'identité personnelle et autre,Objet trouvé,2020-06-23T08:02:54+00:00
objets-trouves-restitution,56847ef5fb874dbee527063380f4b20d8a0cf317,2023-04-06T09:01:33.082Z,0087547000,2020-06-01T10:11:47+00:00,"Bagagerie: sacs, valises, cartables",Paris Austerlitz,"Valise, sac sur roulettes",Objet trouvé,2020-05-28T18:48:17+00:00
objets-trouves-restitution,6a0b3f88efd70300abe6ddf93ec3a1b02036cd5e,2023-04-06T09:01:33.082Z,0087547000,,"Appareils électroniques, informatiques, appareils photo",Paris Austerlitz,Téléphone portable,Objet trouvé,2020-03-13T14:37:33+00:00
objets-trouves-restitution,60a3e8f4a397e1bcec32be05993f2911c7814c2e,2023-04-06T09:01:33.082Z,0087547000,,"Bagagerie: sacs, valises, cartables",Paris Austerlitz,Sac à main,Objet trouvé,2020-03-13T14:23:00+00:00
objets-trouves-restitution,b248f1650b773bce2cca95f58eadcac6bd522cf4,2023-04-06T09:01:33.082Z,0087547000,2020-03-13T09:42:33+00:00,"Appareils électroniques, informatiques, appareils photo",Paris Austerlitz,"Téléphone portable protégé (étui, coque,…)",Objet trouvé,2020-03-12T16:27:46+00:00
objets-trouves-restitution,eddf68d55135a6079127ac064dc74f7e8db7e62b,2023-04-06T09:01:33.082Z,0087547000,,"Livres, articles de papéterie",Paris Austerlitz,Autres articles de papeterie,Objet trouvé,2020-03-12T09:32:17+00:00
objets-trouves-restitution,557f5de01757851ef068e7cd26d533f09a24fc7a,2023-04-06T09:01:33.082Z,0087547000,,"Bagagerie: sacs, valises, cartables",Paris Austerlitz,"Sac d'enseigne (plastique, papier, …)",Objet trouvé,2020-03-12T09:22:51+00:00
objets-trouves-restitution,1fe5064210e133936e0aad191fe060420ebc1c7c,2023-04-06T09:01:33.082Z,0087547000,,"Bagagerie: sacs, valises, cartables",Paris Austerlitz,Sac à main,Objet trouvé,2020-03-12T09:13:22+00:00
objets-trouves-restitution,a99f41729dedb8539256f39012fe884fb500913a,2023-04-06T09:01:33.082Z,0087547000,,"Porte-monnaie / portefeuille, argent, titres",Paris Austerlitz,"Porte-monnaie, portefeuille",Objet trouvé,2020-03-12T08:39:26+00:00
objets-trouves-restitution,5491fc3420c2fee61b3a570c74ff01f475623d0a,2023-04-06T09:01:33.082Z,0087547000,2020-03-11T16:38:58+00:00,"Bagagerie: sacs, valises, cartables",Paris Austerlitz,Sac à dos,Objet trouvé,2020-03-11T16:30:15+00:00
objets-trouves-restitution,d9b101bc729cccb5c677612be438ac102131433b,2023-04-06T09:01:33.082Z,0087547000,2020-03-11T13:53:35+00:00,"Bagagerie: sacs, valises, cartables",Paris Austerlitz,"Sac d'enseigne (plastique, papier, …)",Objet trouvé,2020-03-11T13:50:16+00:00
objets-trouves-restitution,841108dde7f229cd9a2bbc31930dca359905b373,2023-04-06T09:01:33.082Z,0087547000,2020-03-11T17:02:47+00:00,"Appareils électroniques, informatiques, appareils photo",Paris Austerlitz,Téléphone portable,Objet trouvé,2020-03-11T13:38:15+00:00
objets-trouves-restitution,4ad8c1c40072206ee373ff194a64c168155ce2bf,2023-04-06T09:01:33.082Z,0087547000,,"Bagagerie: sacs, valises, cartables",Paris Austerlitz,Sac à dos,Objet trouvé,2020-03-11T13:29:07+00:00
objets-trouves-restitution,10961be1f91fe529063ea1525ef1a242a71ef8e7,2023-04-06T09:01:33.082Z,0087547000,,"Porte-monnaie / portefeuille, argent, titres",Paris Austerlitz,"Porte-monnaie, portefeuille",Objet trouvé,2020-03-11T12:54:49+00:00
objets-trouves-restitution,7c3aadf7fe96796510d302b91b507f8010014bff,2023-04-06T09:01:33.082Z,0087547000,,"Bagagerie: sacs, valises, cartables",Paris Austerlitz,Sac à dos,Objet trouvé,2020-03-11T12:37:45+00:00
objets-trouves-restitution,2dfc7917030ac9fba64786f4b19e7ae860f60c27,2023-04-06T09:01:33.082Z,0087547000,2020-07-24T06:15:34+00:00,"Bagagerie: sacs, valises, cartables",Paris Austerlitz,Sac à dos,Objet trouvé,2020-03-10T18:27:18+00:00
objets-trouves-restitution,d0dd668aa090751a5e584709437e4ad170139718,2023-04-06T09:01:33.082Z,0087547000,2020-03-10T18:15:13+00:00,"Appareils électroniques, informatiques, appareils photo",Paris Austerlitz,"Ordinateur, ordinateur portable, notebook protégé (étui, housse,…)",Objet trouvé,2020-03-10T17:54:20+00:00
objets-trouves-restitution,e12b6c3c8fd19d94e667104056a556affc22965e,2023-04-06T09:01:33.082Z,0087547000,,"Livres, articles de papéterie",Paris Austerlitz,Chemise à rabat,Objet trouvé,2020-03-10T16:55:47+00:00
objets-trouves-restitution,a89a93f7e9d5f231fd459f8ed964792d888762a8,2023-04-06T09:01:33.082Z,0087547000,,"Livres, articles de papéterie",Paris Austerlitz,Chemise à rabat,Objet trouvé,2020-03-10T15:37:38+00:00
objets-trouves-restitution,235644948bb2cfd9c66d9dbd66a75321015dfbcb,2023-04-06T09:01:33.082Z,0087547000,2020-03-09T18:29:06+00:00,"Bagagerie: sacs, valises, cartables",Paris Austerlitz,Sac à main,Objet trouvé,2020-03-09T18:23:50+00:00
objets-trouves-restitution,069b6f9412db257c255be109321212004601a1bc,2023-04-06T09:01:33.082Z,0087547000,,Pièces d'identités et papiers personnels,Paris Austerlitz,"Carte d'identité, passeport, permis de conduire",Objet trouvé,2020-03-09T17:51:17+00:00
objets-trouves-restitution,f3e89cdf3eddf59df74fe10c7748a28edf96ef82,2023-04-06T09:01:33.082Z,0087547000,2020-03-13T09:46:11+00:00,"Bagagerie: sacs, valises, cartables",Paris Austerlitz,"Sacoche pour ordinateur, photo, vidéo",Objet trouvé,2020-03-09T15:26:02+00:00
objets-trouves-restitution,afd0732db4ef60f1417b4b6f21547c0e4d67c137,2023-04-06T09:01:33.082Z,0087547000,,"Bagagerie: sacs, valises, cartables",Paris Austerlitz,"Sacoche pour ordinateur, photo, vidéo",Objet trouvé,2020-03-09T14:50:20+00:00
objets-trouves-restitution,104c2d3341323f9a60187d68ad51488a10729286,2023-04-06T09:01:33.082Z,0087547000,2020-03-09T18:52:17+00:00,"Bagagerie: sacs, valises, cartables",Paris Austerlitz,Sac à main,Objet trouvé,2020-03-09T12:03:22+00:00
objets-trouves-restitution,915abd8c273e8c3df9d6c0bd988c810d8d3edfcc,2023-04-06T09:01:33.082Z,0087547000,2020-03-13T09:38:58+00:00,"Porte-monnaie / portefeuille, argent, titres",Paris Austerlitz,"Porte-monnaie, portefeuille",Objet trouvé,2020-03-09T11:21:16+00:00
objets-trouves-restitution,cd7fc97cefa1c2c12f0723c30fbe79a4de2f5168,2023-04-06T09:01:33.082Z,0087547000,2020-03-09T14:59:32+00:00,"Porte-monnaie / portefeuille, argent, titres",Paris Austerlitz,"Porte-monnaie, portefeuille",Objet trouvé,2020-03-09T11:17:48+00:00
objets-trouves-restitution,d0c53452d4341b2f53ca6c58b7b55c4f1af9fd5e,2023-04-06T09:01:33.082Z,0087547000,,"Bagagerie: sacs, valises, cartables",Paris Austerlitz,"Sacoche ventrale, banane",Objet trouvé,2020-03-09T10:50:56+00:00
objets-trouves-restitution,67aad9b3ce6bbe497992310ca58e37b57e362629,2023-04-06T09:01:33.082Z,0087547000,2020-03-05T09:12:30+00:00,"Livres, articles de papéterie",Paris Austerlitz,Chemise à rabat,Objet trouvé,2020-03-04T15:00:58+00:00
objets-trouves-restitution,32a32009317ae4c9366c4d0bd875bb510f19ca4c,2023-04-06T09:01:33.082Z,0087547000,2020-03-13T09:47:49+00:00,Pièces d'identités et papiers personnels,Paris Austerlitz,Pièce d'identité personnelle et autre,Objet trouvé,2020-03-04T12:59:59+00:00
objets-trouves-restitution,2665cc4c40493337e6baa21fb2a1f40e8d112d2a,2023-04-06T09:01:33.082Z,0087547000,2020-03-04T17:09:26+00:00,"Appareils électroniques, informatiques, appareils photo",Paris Austerlitz,Téléphone portable,Objet trouvé,2020-03-04T10:52:56+00:00
objets-trouves-restitution,ea550db52fb7d35f4f80d8c9a09e2996338222f3,2023-04-06T09:01:33.082Z,0087547000,2020-03-02T12:16:34+00:00,"Bagagerie: sacs, valises, cartables",Paris Austerlitz,"Sac de voyage, sac de sport, sac à bandoulière",Objet trouvé,2020-03-02T12:13:13+00:00
objets-trouves-restitution,12d7d8111711fbf496acc6d1501505d6bc518fa1,2023-04-06T09:01:33.082Z,0087547000,2020-02-27T18:33:49+00:00,"Appareils électroniques, informatiques, appareils photo",Paris Austerlitz,Téléphone portable,Objet trouvé,2020-02-27T18:27:35+00:00
objets-trouves-restitution,c5a0983b272a0facec9e4a1e776fd85a2636f725,2023-04-06T09:01:33.082Z,0087547000,,"Appareils électroniques, informatiques, appareils photo",Paris Austerlitz,Téléphone portable,Objet trouvé,2020-02-27T12:15:25+00:00
objets-trouves-restitution,5b33d640bab287ad0f11aea80c5eacaf34cc90ec,2023-04-06T09:01:33.082Z,0087547000,2020-02-29T14:18:27+00:00,"Porte-monnaie / portefeuille, argent, titres",Paris Austerlitz,"Porte-monnaie, portefeuille",Objet trouvé,2020-02-25T14:32:15+00:00
objets-trouves-restitution,bbd070368c1ee00cb8543aab62e13995f8c9c57a,2023-04-06T09:01:33.082Z,0087547000,2020-02-24T12:17:27+00:00,Divers,Paris Austerlitz,Autres divers,Objet trouvé,2020-02-24T12:14:16+00:00
objets-trouves-restitution,539c1d8289da11a8b3188046780b568fdb536c80,2023-04-06T09:01:33.082Z,0087547000,2020-02-22T19:05:23+00:00,"Porte-monnaie / portefeuille, argent, titres",Paris Austerlitz,"Porte-monnaie, portefeuille",Objet trouvé,2020-02-22T16:45:31+00:00
objets-trouves-restitution,3e3641d4964696dd108b65aa1cec37aa39b518fd,2023-04-06T09:01:33.082Z,0087547000,,"Appareils électroniques, informatiques, appareils photo",Paris Austerlitz,"Tablette tactile protégée (étui, housse)",Objet trouvé,2020-02-21T17:43:28+00:00
objets-trouves-restitution,f3e032d567bb086e74b351da2d42b1a6cc0530ee,2023-04-06T09:01:33.082Z,0087547000,2020-02-21T14:06:31+00:00,"Bagagerie: sacs, valises, cartables",Paris Austerlitz,Sac à main,Objet trouvé,2020-02-21T13:55:09+00:00
objets-trouves-restitution,426e28860eea9b841a7eed6d1d92f34d69c9e5f1,2023-04-06T09:01:33.082Z,0087547000,,"Bagagerie: sacs, valises, cartables",Paris Austerlitz,"Sacoche pour ordinateur, photo, vidéo",Objet trouvé,2020-02-21T10:43:01+00:00
objets-trouves-restitution,215166beb3783bfab9d3c3e71dcbc8217c3ad844,2023-04-06T09:01:33.082Z,0087547000,2023-02-07T16:44:23+00:00,"Articles d'enfants, de puériculture",Paris Austerlitz,"Landau, poussette d'enfants",Objet trouvé,2020-02-20T15:10:55+00:00
objets-trouves-restitution,9e27acb84d2b061a599a345b9b8aeb6327180809,2023-04-06T09:01:33.082Z,0087547000,2020-02-14T08:29:20+00:00,"Appareils électroniques, informatiques, appareils photo",Paris Austerlitz,"Appareil photo, caméscope/caméras et accessoires protégé (sac, sacoche,…)",Objet trouvé,2020-02-14T08:24:36+00:00
objets-trouves-restitution,2b7de0b7033c50e46e4caa84415e84047b181427,2023-04-06T09:01:33.082Z,0087547000,2020-02-13T09:49:31+00:00,"Appareils électroniques, informatiques, appareils photo",Paris Austerlitz,Téléphone portable,Objet trouvé,2020-02-13T09:43:10+00:00
objets-trouves-restitution,e3d5989dbb2a7dc23a394df00f753c2e019427f2,2023-04-06T09:01:33.082Z,0087547000,,"Porte-monnaie / portefeuille, argent, titres",Paris Austerlitz,"Porte-monnaie, portefeuille",Objet trouvé,2020-02-06T16:29:41+00:00
objets-trouves-restitution,f6f28dac2a16c1b89a71c78b9168ff26665f2293,2023-04-06T09:01:33.082Z,0087547000,2020-02-15T15:42:40+00:00,"Porte-monnaie / portefeuille, argent, titres",Paris Austerlitz,"Porte-monnaie, portefeuille",Objet trouvé,2020-02-06T15:34:08+00:00
objets-trouves-restitution,b363a4d5b90029901de5610ba2c4d9fc1ba49405,2023-04-06T09:01:33.082Z,0087547000,2020-02-06T08:02:14+00:00,"Appareils électroniques, informatiques, appareils photo",Paris Austerlitz,Téléphone portable,Objet trouvé,2020-02-06T07:57:44+00:00
objets-trouves-restitution,a436fef7cc5da86f4aeae853877bbdf3fb2e840b,2023-04-06T09:01:33.082Z,0087547000,2020-02-12T11:11:29+00:00,"Porte-monnaie / portefeuille, argent, titres",Paris Austerlitz,"Porte-monnaie, portefeuille",Objet trouvé,2020-02-04T17:44:59+00:00
objets-trouves-restitution,7c9c95849eabea6658194fe3c032d42e007684a1,2023-04-06T09:01:33.082Z,0087547000,2020-02-03T11:32:08+00:00,"Bagagerie: sacs, valises, cartables",Paris Austerlitz,Sac à dos,Objet trouvé,2020-02-03T11:28:37+00:00
objets-trouves-restitution,ff10f08916895696d2b05168e6ded0114ddf684d,2023-04-06T09:01:33.082Z,0087547000,,Pièces d'identités et papiers personnels,Paris Austerlitz,Pièce d'identité personnelle et autre,Objet trouvé,2020-01-31T14:27:11+00:00
objets-trouves-restitution,87fa992a15a0a7cd9504e29fab69963f5809cd50,2023-04-06T09:01:33.082Z,0087547000,,"Porte-monnaie / portefeuille, argent, titres",Paris Austerlitz,"Porte-monnaie, portefeuille",Objet trouvé,2020-01-31T12:09:55+00:00
objets-trouves-restitution,0c24bcca2d81f18a2f03e80a8dccf30c5414e128,2023-04-06T09:01:33.082Z,0087547000,,"Porte-monnaie / portefeuille, argent, titres",Paris Austerlitz,"Porte-monnaie, portefeuille",Objet trouvé,2020-01-31T12:02:30+00:00
objets-trouves-restitution,e75e6a42cd5058164b615c82c31d132d244bfcf2,2023-04-06T09:01:33.082Z,0087547000,,"Porte-monnaie / portefeuille, argent, titres",Paris Austerlitz,"Porte-monnaie, portefeuille",Objet trouvé,2020-01-31T11:55:28+00:00
objets-trouves-restitution,87e352918130d59dde22b29c82d8339026d9bc22,2023-04-06T09:01:33.082Z,0087547000,2020-01-31T18:52:31+00:00,"Bagagerie: sacs, valises, cartables",Paris Austerlitz,Sac à dos,Objet trouvé,2020-01-30T10:03:17+00:00
objets-trouves-restitution,47889fea642e247491a0518fc560dda6ac50c6ad,2023-04-06T09:01:33.082Z,0087547000,,"Porte-monnaie / portefeuille, argent, titres",Paris Austerlitz,"Porte-monnaie, portefeuille",Objet trouvé,2020-01-29T16:38:57+00:00
objets-trouves-restitution,c4c3b1547ca1dbc9b5d8b9e02c2dc485a441bccb,2023-04-06T09:01:33.082Z,0087547000,,"Bagagerie: sacs, valises, cartables",Paris Austerlitz,Sac à dos,Objet trouvé,2020-01-29T16:03:34+00:00
objets-trouves-restitution,f37257d3fb49941e159a62c86848d1bd80588fbf,2023-04-06T09:01:33.082Z,0087547000,2020-02-01T14:55:40+00:00,"Bagagerie: sacs, valises, cartables",Paris Austerlitz,"Sacoche ventrale, banane",Objet trouvé,2020-01-29T09:50:21+00:00
objets-trouves-restitution,64c12e1393b2e6838a43388987c7262d08d650bc,2023-04-06T09:01:33.082Z,0087547000,2020-01-31T18:48:01+00:00,"Bagagerie: sacs, valises, cartables",Paris Austerlitz,Sac à dos,Objet trouvé,2020-01-29T09:42:07+00:00
objets-trouves-restitution,8d9689ce150e977a36abf34f24eb80b7d10f9d99,2023-04-06T09:01:33.082Z,0087547000,2020-02-08T18:18:48+00:00,"Bagagerie: sacs, valises, cartables",Paris Austerlitz,Sac à dos,Objet trouvé,2020-01-28T16:46:44+00:00
objets-trouves-restitution,20563bad7f294b1ffa519ce3602f4167a28aeda8,2023-04-06T09:01:33.082Z,0087547000,2020-01-28T18:56:44+00:00,"Bagagerie: sacs, valises, cartables",Paris Austerlitz,Sac à dos,Objet trouvé,2020-01-28T16:33:23+00:00
objets-trouves-restitution,abb23fbd234d2e527fd13018973b15e56bb87fb6,2023-04-06T09:01:33.082Z,0087547000,2020-01-28T18:57:44+00:00,"Porte-monnaie / portefeuille, argent, titres",Paris Austerlitz,"Porte-monnaie, portefeuille",Objet trouvé,2020-01-28T13:50:50+00:00
objets-trouves-restitution,67fd3c5d019638b75b9fbb91b91019bc41751864,2023-04-06T09:01:33.082Z,0087547000,,"Porte-monnaie / portefeuille, argent, titres",Paris Austerlitz,"Porte-monnaie, portefeuille",Objet trouvé,2020-01-28T13:41:59+00:00
objets-trouves-restitution,134b92481b5918bc8da3b0a934d81ab3c6edc0ac,2023-04-06T09:01:33.082Z,0087547000,,"Bagagerie: sacs, valises, cartables",Paris Austerlitz,Sac à dos,Objet trouvé,2020-01-27T15:09:22+00:00
objets-trouves-restitution,36cabbb19a93e43534f29452bbbbd46de4810cab,2023-04-06T09:01:33.082Z,0087547000,2020-02-19T17:51:50+00:00,"Porte-monnaie / portefeuille, argent, titres",Paris Austerlitz,"Porte-monnaie, portefeuille",Objet trouvé,2020-01-22T18:04:28+00:00
objets-trouves-restitution,432d675ef1b82339403e7d4439a78b83a85eaf76,2023-04-06T09:01:33.082Z,0087547000,2020-01-24T15:07:28+00:00,"Bagagerie: sacs, valises, cartables",Paris Austerlitz,Sac à dos,Objet trouvé,2020-01-20T15:58:07+00:00
objets-trouves-restitution,8bdc2f1b21f4338a870e11534b98397b06def5e2,2023-04-06T09:01:33.082Z,0087547000,2020-01-20T11:15:54+00:00,"Bagagerie: sacs, valises, cartables",Paris Austerlitz,Sac à dos,Objet trouvé,2020-01-20T11:12:37+00:00
objets-trouves-restitution,42b4c082ac5187fb231944d67d1b7fc83aa959c7,2023-04-06T09:01:33.082Z,0087547000,2020-01-24T18:46:13+00:00,"Bagagerie: sacs, valises, cartables",Paris Austerlitz,Sac à main,Objet trouvé,2020-01-16T14:40:28+00:00
objets-trouves-restitution,c885cb9af305ff443df022613b69f4bdc8a7da65,2023-04-06T09:01:33.082Z,0087547000,2020-01-15T10:54:00+00:00,"Bagagerie: sacs, valises, cartables",Paris Austerlitz,"Sacoche ventrale, banane",Objet trouvé,2020-01-15T10:50:30+00:00
objets-trouves-restitution,260946439ab0875ffd3f5a4f8205c52d110563e4,2023-04-06T09:01:33.082Z,0087547000,,"Porte-monnaie / portefeuille, argent, titres",Paris Austerlitz,"Porte-monnaie, portefeuille",Objet trouvé,2020-01-14T14:01:40+00:00
objets-trouves-restitution,9c06b6b583867b69a7a43dae9150c0142ba57c4e,2023-04-06T09:01:33.082Z,0087547000,2020-01-14T13:40:50+00:00,Pièces d'identités et papiers personnels,Paris Austerlitz,Pièce d'identité personnelle et autre,Objet trouvé,2020-01-13T16:36:30+00:00
objets-trouves-restitution,db2cc2299071ebaf45561ae12dcbd70b22191d65,2023-04-06T09:01:33.082Z,0087547000,,Pièces d'identités et papiers personnels,Paris Austerlitz,Pièce d'identité personnelle et autre,Objet trouvé,2020-01-13T16:06:28+00:00
objets-trouves-restitution,5b56bf8db8972b7908a8aecb0b10574ef0efcbf1,2023-04-06T09:01:33.082Z,0087547000,2020-01-07T16:00:18+00:00,"Vélos, trottinettes, accessoires 2 roues",Paris Austerlitz,Vélo,Objet trouvé,2020-01-07T15:24:38+00:00
objets-trouves-restitution,7d274436c6f9c9c2863359f86c4c33eeea8ef2cd,2023-04-06T09:01:33.082Z,0087547000,2020-01-07T16:02:30+00:00,"Bagagerie: sacs, valises, cartables",Paris Austerlitz,Sac à dos,Objet trouvé,2020-01-06T13:55:42+00:00
objets-trouves-restitution,b2e1a780302666cde34dfef11c15b5055dc88a99,2023-04-06T09:01:33.082Z,0087547000,,Pièces d'identités et papiers personnels,Paris Austerlitz,Pièce d'identité personnelle et autre,Objet trouvé,2020-01-06T13:29:20+00:00
objets-trouves-restitution,3e9ab3d953719d129e5a853c6f67401087b20227,2023-04-06T09:01:33.082Z,0087547000,,"Vélos, trottinettes, accessoires 2 roues",Paris Austerlitz,Vélo,Objet trouvé,2020-01-06T12:59:45+00:00
objets-trouves-restitution,a48d00939fa28139112779941bee388fc7d75843,2023-04-06T09:01:33.082Z,0087547000,,"Vélos, trottinettes, accessoires 2 roues",Paris Austerlitz,Vélo,Objet trouvé,2020-01-06T12:53:13+00:00
objets-trouves-restitution,66922a3efdf5b405e5fc7aa220acb02d06729075,2023-04-06T09:01:33.082Z,0087547000,2020-01-07T16:04:54+00:00,Pièces d'identités et papiers personnels,Paris Austerlitz,Autre pièce ou papier personnel,Objet trouvé,2020-01-03T13:48:02+00:00
objets-trouves-restitution,1386980242df7ba10361b85ec7b91ad05f7f9996,2023-04-06T09:01:33.082Z,0087547000,2020-01-03T15:42:10+00:00,Pièces d'identités et papiers personnels,Paris Austerlitz,"Carte d'identité, passeport, permis de conduire",Objet trouvé,2020-01-03T13:23:11+00:00
objets-trouves-restitution,5809cc5e54803a48ccb2e268e6708e64a84c0cad,2023-04-06T09:01:33.082Z,0087547000,2020-01-03T12:44:36+00:00,"Bagagerie: sacs, valises, cartables",Paris Austerlitz,Sac à main,Objet trouvé,2020-01-02T11:40:46+00:00
